出表日期,資料年月,公司代號,公司名稱,產業別,營業收入-當月營收,營業收入-上月營收,營業收入-去年當月營收,營業收入-上月比較增減(%),營業收入-去年同月增減(%),累計營業收入-當月累計營收,累計營業收入-去年累計營收,累計營業收入-前期比較增減(%),備註
1150911,11508,1260,富味鄉,食品工業,450630,448516,445593,0.47133212639013994,1.130403754098471,3570247,3461469,3.1425386158304467,-
1150911,11508,1269,乾杯,觀光餐旅,440584,384876,411842,14.474272233134828,6.978889962655582,3195232,3004201,6.358795566608226,-
1150911,11508,1271,晨暉生技,生技醫療業,325201,295380,69903,10.09580878867899,365.2175157003276,1622662,619825,161.793570765942,"115.05起合併子公司Weider Global Nutrition, LLC營收"
1150911,11508,1293,利統,食品工業,87544,85750,64055,2.092128279883382,36.67004917648895,544590,471800,15.428147520135651,-
1150911,11508,1343,旭東環保,綠能環保,10506,24314,83915,-56.79032656082915,-87.48018828576535,184701,288002,-35.86815369337713,差異係因本期銷售量下降所致。
1150911,11508,1480,東盟開發,鋼鐵工業,1187640,1269063,813768,-6.415993532235988,45.943315539564104,8114091,7130750,13.790148301370824,-
1150911,11508,1594,日高,電機機械,39218,36196,41264,8.348988838545695,-4.958317177200465,305869,309261,-1.0968081976065525,-
1150911,11508,2071,震南鐵,鋼鐵工業,122600,165555,127074,-25.946060221678596,-3.5207831657144655,1125043,1156982,-2.760544243557808,-
1150911,11508,2245,詠勝昌*,電機機械,31020,46059,32866,-32.65159903601902,-5.61674678999574,269335,278006,-3.118997431710107,-
1150911,11508,2249,湧盛,電機機械,117356,146262,146214,-19.76316473178269,-19.736824107130644,1427922,1727552,-17.344195717408216,-
1150911,11508,2252,為昇科,其他電子業,18138,24863,34329,-27.048224268994087,-47.16420519094643,261607,315298,-17.02865225913263,-
1150911,11508,2255,凱銳光電,其他電子業,306546,220271,153662,39.167661653145444,99.49369395166013,1813160,1568479,15.599890084597881,本月營收增加，主係歐系行車記錄器新品出貨帶動，加上美系客戶當月集中出貨所致。
1150911,11508,2256,歐特明,其他電子業,43854,50177,21708,-12.601391075592403,102.01768933112217,410711,210328,95.27167091400099,主要係受客戶端需求影響所致
1150911,11508,2644,中信造船,航運業,183638,249933,247795,-26.525108729139408,-25.891160031477632,3370842,2834589,18.91819237286252,-
1150911,11508,2733,維格餅家,觀光餐旅,38835,27308,36599,42.211073678043064,6.109456542528484,219902,213674,2.914720555612756,-
1150911,11508,2741,老四川,觀光餐旅,85841,78613,78716,9.194408049559232,9.051527008486204,623080,598363,4.130770117804744,-
1150911,11508,2758,路易莎咖啡,觀光餐旅,274478,265278,263072,3.4680599220440445,4.335695170903783,2109409,1882227,12.06985129848844,-
1150911,11508,2760,巨宇翔,觀光餐旅,10799,15097,21676,-28.469232297807512,-50.179922494925265,108277,168115,-35.593492549742734,本月訂單量略減，故本月出貨量較去年同期少
1150911,11508,2761,橘焱胡同,觀光餐旅,152195,134719,128270,12.972186551265969,18.652062056599362,1011573,894184,13.12805865459458,-
1150911,11508,2938,床的世界,居家生活,56798,64377,68239,-11.772838125417463,-16.766072187458786,484170,480225,0.8214899265969077,-
1150911,11508,2940,歐都納,運動休閒,55745,55572,44023,0.31130785287554885,26.626990436817117,489692,480842,1.840521418678069,-
1150911,11508,2942,京站,居家生活,159694,138197,117278,15.555330434090465,36.167056054844046,1179201,855407,37.85262454013119,-
1150911,11508,3097,拍檔,電腦及週邊設備業,313339,343522,244566,-8.786336828500067,28.12042557019373,2700714,2008309,34.477015240184656,-
1150911,11508,3117,年程,電子零組件業,67421,74355,51263,-9.325532916414499,31.519809609269842,531148,408236,30.10807474108114,-
1150911,11508,3184,微邦,生技醫療業,13513,14430,17091,-6.3548163548163545,-20.9349950266222,142966,147222,-2.8908722881091142,-
1150911,11508,3194,圓方科技,資訊服務業,15684,52950,16710,-70.37960339943342,-6.140035906642729,181678,211329,-14.030729336721416,-
1150911,11508,3473,智通聯網,通信網路業,74512,2137,94746,3386.757136172204,-21.356046693264094,197702,177788,11.200980943595743,-
1150911,11508,3585,聯致,電子零組件業,35245,47215,31467,-25.35211267605634,12.006228747576827,280602,280656,-0.019240636223704463,-
1150911,11508,3595,山太士,光電業,84567,80223,67932,5.414905949665308,24.487723017134783,497482,279714,77.85380781798551,本公司因營收增加所致。
1150911,11508,3603,建祥國際,電子通路業,15691,21460,17047,-26.882572227399812,-7.954478793922684,156930,127710,22.879962414846137,-
1150911,11508,3633,云光,光電業,536415,580671,429347,-7.62152750869253,24.93740494285508,4213137,3591873,17.296379910982377,-
1150911,11508,3644,凌嘉科,半導體業,223632,203654,80140,9.809775403380243,179.05165959570752,1087197,410465,164.86959911320088,本月及累計營收成長顯著，主係因終端需求強勁帶動設備出貨量提升。
1150911,11508,3659,百辰,光電業,198885,188716,256304,5.388520316242396,-22.402693676259442,1517659,1797372,-15.562332116000471,-
1150911,11508,3678,聯享,光電業,41193,42553,37481,-3.1960143820647193,9.903684533496971,343637,306655,12.059806623078051,-
1150911,11508,4115,善德生技,生技醫療業,66411,61910,57374,7.2702309804555,15.751037055112072,495984,500146,-0.8321570101530353,-
1150911,11508,4117,普生,生技醫療業,25458,24625,14572,3.382741116751269,74.70491353280264,205303,141428,45.16432389625817,本期營收增加主要係因子公司營收貢獻增加所致。
1150911,11508,4170,鑫品生醫,生技醫療業,3619,3100,4027,16.741935483870968,-10.131611621554507,33852,43235,-21.702324505608882,-
1150911,11508,4172,因華,生技醫療業,2830,4172,1868,-32.166826462128476,51.49892933618844,52126,52281,-0.2964748187678124,主係普癌汰與顯影劑銷售消長所致。
1150911,11508,4186,尖端醫,生技醫療業,30169,26874,39177,12.260921336607874,-22.993082676059934,210144,242030,-13.174399867784985,-
1150911,11508,4194,禾生技,生技醫療業,0,0,0,,,0,0,,"本司112/11/13依分割計劃,將「台灣代理經銷」及「歐洲自有品牌醫材」業務分割予禾麗陽公司,故營收為零。"
1150911,11508,4197,暐世,生技醫療業,16387,20538,16097,-20.211315610088615,1.8015779337764801,118530,121875,-2.7446153846153845,-
1150911,11508,4431,敏成健康,其他,182895,187348,156155,-2.376860174648248,17.12401139893055,1428115,1273118,12.174598112665127,-
1150911,11508,4537,旭東,光電業,504467,190154,159752,165.29391966511355,215.7813360709099,1570878,924908,69.84154099650992,"本月及本年累計較去年同期營收淨額增加,主係行業特性營收認列時點所致"
1150911,11508,4544,春日,電機機械,119299,108682,111702,9.768866969691393,6.801131582245618,833951,798858,4.392895858838492,-
1150911,11508,4553,盛復,電機機械,96716,79479,66146,21.687489777173845,46.2159465424969,746853,670963,11.310608781706295,-
1150911,11508,4559,久裕興,運動休閒,100758,139427,77217,-27.734226512798813,30.48680989937449,901730,636668,41.63268768023522,-
1150911,11508,4565,宏偉,電機機械,174297,99989,104470,74.31617477922572,66.8392840049775,1290035,1166574,10.583212037984731,本月營收較去年同期增加，主係因新梯合約完工及維保整修認列營收增加所致。
1150911,11508,4570,傑生,電機機械,155256,159466,90351,-2.6400612042692484,71.83650429989707,1028081,860590,19.46234560011155,匯率影響
1150911,11508,4573,高明鐵,電機機械,220262,200207,50309,10.017132268102515,337.81828301099205,1123404,387046,190.25077122615917,光通訊產業需求增加，故本月營收較去年同期增加。
1150911,11508,4575,銓寶,電機機械,95312,86074,82714,10.732625415340289,15.230795270449985,607986,660292,-7.921646786573213,-
1150911,11508,4587,寶元數控,電機機械,86506,82127,69964,5.331985826829179,23.64358813103882,727153,594313,22.351858364195298,-
1150911,11508,4589,碩陽電機,電機機械,60249,62371,56033,-3.402222186593128,7.5241375617939426,530235,488044,8.644917261558383,-
1150911,11508,4724,宣捷幹細胞,生技醫療業,27431,28987,36652,-5.367923551937075,-25.158245116228308,243550,327577,-25.65106829844586,-
1150911,11508,4732,彥臣,生技醫療業,17047,16191,13608,5.286887777160151,25.271898883009992,117856,112533,4.730168039597274,-
1150911,11508,4738,大同精化,化學工業,35267,33476,27812,5.3501015653005135,26.804976269236302,251107,219661,14.315695549050583,-
1150911,11508,4765,磐采,化學工業,20181,22567,18809,-10.572960517569904,7.294380349832527,159532,177237,-9.989449155650345,-
1150911,11508,4925,智微,半導體業,50782,54624,52680,-7.033538371411834,-3.6028853454821563,432941,318960,35.73520190619514,-
1150911,11508,4980,佐臻,電子零組件業,13189,8343,19277,58.08462183866715,-31.581677646936765,114595,91474,25.276034720248376,-
1150911,11508,5240,建騰,光電業,44828,43528,53207,2.9865833486491455,-15.747927904223129,338591,291971,15.967339222046025,-
1150911,11508,5246,勵威,半導體業,127835,95931,74862,33.25723697240725,70.7608666613235,704929,710701,-0.8121558855271064,受惠客戶訂單增加
1150911,11508,5248,景傳,光電業,32339,73573,26004,-56.045016514210374,24.361636671281342,353732,260612,35.73127868248584,本公司無子公司，以個別營業收入申報。
1150911,11508,5254,欣訊科技,電子零組件業,91009,86672,62261,5.003922835517814,46.17336695523682,600378,481412,24.711889192625026,-
1150911,11508,5262,立達,半導體業,252453,287687,158132,-12.247338253031941,59.64700376900311,1958051,1299214,50.71042953662753,記憶體市場價格上揚，帶動產品平均銷售單價提升，部份通路因為競爭對手缺貨，轉而增加向本公司採購，進而帶動銷售成長
1150911,11508,5267,龍翩,光電業,34450,57231,28907,-39.805350247243624,19.17528626284291,300946,208618,44.256967279908736,-
1150911,11508,5271,紘通,電子零組件業,53893,49008,70112,9.967760365654588,-23.132987220447284,393842,488723,-19.414064817902982,-
1150911,11508,5297,廣化,半導體業,32293,37723,28140,-14.394401293640485,14.758351101634684,255477,184423,38.52773244118141,-
1150911,11508,5863,瑞興銀,金融業,148504,165193,139286,-10.102728323839388,6.61803770658932,1100772,973242,13.103626847176756,-
1150911,11508,6027,德信,金融業,130013,-101930,89437,227.55126066908662,45.36824804052014,658409,155705,322.8566841141903,本年累計營收較去年同期增加係因經紀手續費收入及營業證券出售淨利益增加。
1150911,11508,6035,悠遊卡,金融業,166398,157962,174862,5.340524936377103,-4.840388420583088,1292679,1274934,1.391836753902555,-
1150911,11508,6407,相互,電子零組件業,9233,214822,261341,-95.70202307026283,-96.46706793040511,129623,1848933,-92.98930788730581,115/6/18股東會通過處分東南相互100%股權
1150911,11508,6428,台灣淘米,文化創意業,61322,9892,7436,519.9150828952689,724.6637977407208,108149,43005,151.48006045808626,新遊戲上線帶動營收成長。
1150911,11508,6434,達輝光電,光電業,114167,149120,103456,-23.439511802575108,10.353193628209093,894938,857646,4.348180951115029,-
1150911,11508,6467,泰合,生技醫療業,1725,1671,58,3.2315978456014363,2874.137931034483,4747,7837,-39.428352685976776,主係認列委託開發之專案收入
1150911,11508,6473,美賣*,數位雲端,37324,32719,12529,14.074391026620617,197.9008699816426,151371,54707,176.69402453068165,主要為新業務改採總額法，將帶動營收顯著回升並強化獲利體質。
1150911,11508,6483,原創生醫,生技醫療業,0,0,0,,,0,381,-100.0,NA
1150911,11508,6493,雷虎生,生技醫療業,40528,39175,36379,3.4537332482450545,11.404931416476538,327168,282851,15.66796652654578,-
1150911,11508,6518,康科特,生技醫療業,89031,94487,80015,-5.774339327103199,11.267887271136662,706445,612924,15.258172301949344,-
1150911,11508,6536,碩豐,資訊服務業,6329,7442,7725,-14.955657081429724,-18.071197411003237,63510,61145,3.8678550985362663,-
1150911,11508,6539,麗彤,生技醫療業,61729,69040,54608,-10.589513325608342,13.040213888075007,519532,507582,2.3542994038401677,-
1150911,11508,6543,普惠醫工,生技醫療業,88139,85714,58628,2.8291760972536575,50.33601692024289,637035,475971,33.83903641188223,客戶訂單增加
1150911,11508,6549,景凱,生技醫療業,0,0,0,,,0,0,,本年度尚無營業收入
1150911,11508,6555,榮炭,電子零組件業,31082,93841,139756,-66.87801707142933,-77.75980995449211,609442,726340,-16.094115703389598,配合客戶需求調整出貨
1150911,11508,6559,研晶,光電業,7265,8005,7235,-9.24422236102436,0.414651002073255,65615,65037,0.8887248796838723,-
1150911,11508,6563,映智,半導體業,616,1887,15528,-67.35559088500266,-96.03297269448738,36687,90164,-59.310811410318976,終端需求放緩
1150911,11508,6564,安特羅,生技醫療業,4344,7085,4016,-38.68736767819337,8.167330677290837,39329,30121,30.57003419541184,-
1150911,11508,6565,物聯,數位雲端,43142,13225,27026,226.21550094517957,59.631465995707835,220132,253023,-12.999213510234247,本月合併謍收較去年同期大幅增加60%，主要係之前設備缺料影響遞延出貨本月已恢復正常，大幅浥注營收成長，軟體及硬體出貨暢旺。
1150911,11508,6572,博錸,生技醫療業,1716,40154,6100,-95.72645315535189,-71.8688524590164,110622,66310,66.8255165133464,本年度營收增加，主要係本年銷貨收入較去年同期增加。
1150911,11508,6580,台睿,生技醫療業,6856,1621,16,322.9487970388649,42750.0,17549,12559,39.7324627756987,差異係銷售西寧特藥物及硒保健食品之營收
1150911,11508,6583,友松,文化創意業,10575,8913,12795,18.646920228879164,-17.35052754982415,80617,60371,33.53596925676235,-
1150911,11508,6586,醣基,生技醫療業,699,31,560,2154.8387096774195,24.821428571428573,1716,1304,31.595092024539877,本月增加勞務收入及係依據IFRS15 會計原則，自114年01月起依合約期限認列前期授權金攤銷數。
1150911,11508,6595,光禹國際,文化創意業,15157,20128,11509,-24.69693958664547,31.696932835172472,103963,96588,7.63552408166646,-
1150911,11508,6599,普達系統,電腦及週邊設備業,101477,115703,101336,-12.295273242698979,0.13914107523486224,834869,870019,-4.040141652078862,-
1150911,11508,6604,儒億,電機機械,163251,200444,132379,-18.555307217976093,23.320919481186593,1446800,1260393,14.78959340459682,-
1150911,11508,6610,安成生技,生技醫療業,0,0,0,,,0,0,,本公司為新藥研發生技公司，目前尚未有新藥商品化
1150911,11508,6618,永虹先進,化學工業,800,4215,744,-81.02016607354686,7.526881720430108,23072,18359,25.671332861266954,-
1150911,11508,6621,華宇藥,生技醫療業,5786,5731,7799,0.9596928982725528,-25.811001410437235,51260,60588,-15.395787944807553,-
1150911,11508,6622,百聿數碼,文化創意業,6392,3504,5874,82.42009132420091,8.818522301668368,39413,56488,-30.22765897181702,-
1150911,11508,6634,欣耀,生技醫療業,24,0,0,,,24,0,,本月收入係委託服務收入。
1150911,11508,6638,沅聖,電腦及週邊設備業,154986,140079,182731,10.641852097744843,-15.183521132156011,1412634,1124344,25.640729171854876,-
1150911,11508,6639,源大環能,油電燃氣業,5001,6191,7315,-19.22145049265062,-31.63362952836637,50559,72219,-29.99210734017364,-
1150911,11508,6648,斯其大,其他電子業,5402,3012,80245,79.34926958831342,-93.26811639354477,55511,232340,-76.10785917190324,"因產業特性及標案合約規範,每月出貨數量時程依客戶通知出貨"
1150911,11508,6650,帝圖,文化創意業,1865,922,719,102.27765726681127,159.38803894297635,73304,69548,5.400586645194686,本月營收較去年同期增加，主要係本月增加常玉版畫銷售所致。
1150911,11508,6659,天明製藥,生技醫療業,123200,114270,96837,7.814824538374026,27.2240982269174,1001377,812259,23.282967624858575,-
1150911,11508,6665,康聯生醫,生技醫療業,92918,98973,96933,-6.117830115283966,-4.142036251844058,782395,745784,4.909062141317057,-
1150911,11508,6673,和詮,光電業,30587,22428,10720,36.37863385054396,185.32649253731344,184053,85633,114.93232749057023,"本月及累計金額增加，主要係因子公司本月認列工程收入新台幣15,766千元所致。"
1150911,11508,6676,祥翊,生技醫療業,17653,19961,23843,-11.56254696658484,-25.961498133624126,123695,153715,-19.52964902579449,-
1150911,11508,6677,瑩碩生技,生技醫療業,91858,99619,62763,-7.790682500326243,46.35693003839842,641965,545525,17.678383208835527,-
1150911,11508,6682,華旭先進,光電業,120364,146767,154266,-17.98973883774963,-21.976326604695785,904485,551308,64.06164974932342,散熱產品客戶需求持續上升。
1150911,11508,6696,仁新*,生技醫療業,0,0,0,,,0,0,,無
1150911,11508,6704,國璽幹細胞,生技醫療業,6011,6006,16717,0.08325008325008325,-64.04259137405037,77344,127310,-39.24750608750295,行銷策略調整
1150911,11508,6705,振躍精密,電機機械,41643,54956,26465,-24.224834412984933,57.351218590591344,312090,236485,31.97031524198152,主係本公司出貨持續增加所致。
1150911,11508,6707,富基電通,電子通路業,1147631,1540056,728564,-25.481216267460404,57.51958647421503,9016924,5358978,68.25827611160187,主係儲存設備需求暢旺，客戶拉貨動能增加所致。
1150911,11508,6709,昱厚生技,生技醫療業,0,0,0,,,0,0,,不適用
1150911,11508,6723,傑智環境,綠能環保,68448,41179,177076,66.22064644600403,-61.34541100996182,416960,790622,-47.2617761711665,依完工比例認列收入較少
1150911,11508,6729,機光科技,光電業,7724,9204,6876,-16.079965232507604,12.332751599767306,66176,90941,-27.231941588502437,-
1150911,11508,6734,安盛生,生技醫療業,2453,2652,2246,-7.503770739064857,9.216384683882458,17429,18058,-3.4832207331930447,-
1150911,11508,6737,秀育,電腦及週邊設備業,202080,198343,215334,1.884109850108146,-6.155089303129093,1655194,1986159,-16.66357023783091,-
1150911,11508,6738,鼎恒,資訊服務業,15502,15021,14625,3.202183609613208,5.996581196581197,119586,110332,8.387412536707393,-
1150911,11508,6744,豐技生技,生技醫療業,13598,11430,22214,18.967629046369204,-38.786350949851446,100696,132058,-23.748655893622498,-
1150911,11508,6748,亞果生醫,生技醫療業,7177,7402,1125,-3.039718994866252,537.9555555555555,42398,16050,164.1619937694704,銷售方式改為醫院直營，及醫院編碼陸續完成
1150911,11508,6750,泰創工程,其他電子業,298898,333023,433315,-10.247039994234633,-31.020620103158212,2748440,3313693,-17.058098019339752,-
1150911,11508,6755,連鋐科技,電子零組件業,196420,192737,249241,1.9108941199665865,-21.192741162168343,1677713,1808575,-7.2356413198236185,-
1150911,11508,6758,冠亞,生技醫療業,42835,45810,37936,-6.494215236847849,12.913854913538591,318593,301288,5.743673827035925,-
1150911,11508,6775,穎台科技,光電業,81112,127423,172438,-36.344302049080625,-52.9616441851564,925767,1136604,-18.549732360611085,因客戶調節庫存，出貨需求減少所致。
1150911,11508,6780,學習王,文化創意業,27751,34296,32750,-19.083858175880568,-15.26412213740458,226144,243626,-7.175752998448441,-
1150911,11508,6784,天凱科技,通信網路業,31303,22270,17818,40.561293219577905,75.68189471321136,257345,202576,27.03627280625543,訂單需求增加
1150911,11508,6786,芯測,半導體業,9482,10631,7086,-10.808014297808297,33.81315269545583,83331,51404,62.10995253287682,本期係新增客戶及主要客戶續約所致
1150911,11508,6787,晶瑞光,光電業,9844,10632,17465,-7.411587659894658,-43.635843114801034,133860,109716,22.005906157716286,-
1150911,11508,6793,天力離岸,其他,6544,6284,5180,4.137492043284532,26.332046332046332,46457,273983,-83.04383848632945,本公司主要營業收入已於114/4全數生產完畢。另增加子公司營業收入。
1150911,11508,6797,圓點奈米,生技醫療業,14086,10525,11874,33.83372921615202,18.62893717365673,107693,93988,14.581648721113334,客戶需求變化
1150911,11508,6798,展逸,運動休閒,80115,94839,82746,-15.525258596147154,-3.1796098905083023,529012,450725,17.369127516778523,-
1150911,11508,6808,三鼎生技,生技醫療業,6344,4514,10476,40.54054054054054,-39.44253531882398,66156,125562,-47.312084866440486,-
1150911,11508,6810,新穎生醫,生技醫療業,644,239,194,169.4560669456067,231.95876288659792,2355,1520,54.93421052631579,115年8月有檢測試劑銷售及檢測收入，因客戶需求增加，故當月及累計營收較去年同期增加。
1150911,11508,6812,梭特,光電業,32718,33741,25997,-3.0319196230105807,25.852983036504213,194516,352762,-44.85914015681961,因市場因素及產業特性，致營收波動較大
1150911,11508,6814,路迦生醫,生技醫療業,10334,12802,16181,-19.278237775347602,-36.134973116618255,101574,120391,-15.629905889975165,-
1150911,11508,6815,晶鑽生醫,生技醫療業,20979,25602,33870,-18.05718303257558,-38.060230292294065,328390,390848,-15.980125266088095,-
1150911,11508,6816,捷智商訊,資訊服務業,19500,19120,13899,1.9874476987447698,40.29786315562271,150508,101612,48.1203007518797,4/1起新增子公司並納入合併個體，致收入增加。
1150911,11508,6817,溫士頓,生技醫療業,54044,44998,59461,20.103115694030844,-9.110173054607221,390589,474863,-17.747013349113324,-
1150911,11508,6818,連騰,通信網路業,105132,105303,99649,-0.16238853593914704,5.502313119047858,843976,795376,6.110317635935709,-
1150911,11508,6819,眾智,半導體業,15472,47682,25178,-67.55169665701942,-38.54952736516006,199224,159291,25.069212949884175,-
1150911,11508,6820,連訊,通信網路業,131861,141442,66985,-6.773801275434454,96.8515339255057,804601,567571,41.76217600969746,外銷訂單成長所致。
1150911,11508,6825,和暢科技,電腦及週邊設備業,37829,34486,39347,9.693788783854318,-3.857981548783897,418593,488960,-14.391156740837696,-
1150911,11508,6826,和淞,其他電子業,1709063,1962837,1459846,-12.928939081543705,17.07145822230564,13716617,10410685,31.755182295881585,-
1150911,11508,6827,巨生醫,生技醫療業,0,0,0,,,0,0,,無
1150911,11508,6832,金鼎科,其他,32198,53121,33542,-39.387436230492646,-4.0069167014489295,340664,309627,10.02399661528226,-
1150911,11508,6833,太康精密,電子零組件業,73319,69232,64185,5.903339496186734,14.230739269299681,523058,621670,-15.86243505396754,-
1150911,11508,6839,開陽能源,綠能環保,87729,120961,209206,-27.473317846247966,-58.0657342523637,665775,1236668,-46.163804675143204,主要係114年同期依工程進度認列大型專案工程收入所致
1150911,11508,6842,瑞宇,半導體業,37334,72010,84296,-48.154422996806,-55.7108285090633,288274,386846,-25.480940736106874,本月營收減少，主係客戶需求減少所致。
1150911,11508,6847,普瑞博,生技醫療業,10724,4414,8388,142.9542365201631,27.849308536003814,53595,53835,-0.4458066313736417,-
1150911,11508,6848,拉法醫,生技醫療業,14439,19349,17441,-25.375988423174324,-17.21231580757984,142378,140836,1.094890510948905,-
1150911,11508,6849,奇鼎科技,其他電子業,344163,378831,60781,-9.151310214845141,466.23451407512215,1996665,931541,114.34000221138952,主要係依完工進度認列收入
1150911,11508,6850,光鼎生技,生技醫療業,14886,16787,20867,-11.324238994459998,-28.662481430009105,134623,140234,-4.001169473879373,-
1150911,11508,6857,宏碁智醫,生技醫療業,6739,4118,1972,63.64740165128703,241.7342799188641,51393,34243,50.08322868907514,由於本公司產品為創新產品且目前處於業務推廣階段，故營收起伏較為不定。
1150911,11508,6858,愛比科技,電腦及週邊設備業,39484,65486,53100,-39.7061967443423,-25.642184557438796,341191,319754,6.704216366331617,-
1150911,11508,6864,元樟生技,生技醫療業,457,304,90,50.328947368421055,407.77777777777777,1602,462,246.75324675324674,新產品小批量銷售
1150911,11508,6867,坦德科技,光電業,22300,30196,33987,-26.14915882898397,-34.386677258951956,257237,283468,-9.2536018174891,-
1150911,11508,6868,采威國際,資訊服務業,43713,34030,37003,28.45430502497796,18.13366483798611,283854,340294,-16.585658283719372,-
1150911,11508,6876,朗齊生醫*,生技醫療業,139,0,0,,,859,0,,係因去年度無營收。
1150911,11508,6878,歐付寶,金融業,875,1026,653,-14.717348927875245,33.996937212863706,6742,5207,29.479546763971577,-
1150911,11508,6879,大江基因,生技醫療業,22911,19785,17498,15.799848369977255,30.934963995885244,165600,187989,-11.909739399645725,-
1150911,11508,6882,甲尚,資訊服務業,18818,15360,29044,22.513020833333332,-35.20864894642611,124357,165214,-24.729744452649292,-
1150911,11508,6886,遠東生技,食品工業,32882,31221,35997,5.320137087216938,-8.653498902686335,285449,260434,9.605120683167328,-
1150911,11508,6891,樂迦再生,生技醫療業,1541,984,1513,56.60569105691057,1.8506278916060805,12636,5678,122.5431489961254,於出貨時認列營業收入。
1150911,11508,6892,台寶生醫,生技醫療業,5857,4433,3032,32.122715993683734,93.17282321899737,37915,30807,23.072678287402212,本月營收較去年同期增加，主係本期CDMO收入增加所致
1150911,11508,6898,程曦資訊,資訊服務業,106610,104430,96138,2.0875227425069425,10.8926751128586,832549,753892,10.433457312187953,-
1150911,11508,6911,群運,其他,43145,46451,39440,-7.117177240533035,9.394016227180527,342797,314404,9.03073752242338,-
1150911,11508,6912,益鈞環科*,綠能環保,747,306,51,144.11764705882354,1364.7058823529412,3436,518,563.3204633204633,115/03蘆竹廠營運準備期間，已獲衛福部許可申請醫療事業廢棄物再利用許可證。
1150911,11508,6915,美強光,電子零組件業,5858,10417,17095,-43.76499952001536,-65.73267037145364,92487,185585,-50.16461459708489,主係因客戶庫存調整影響，致本月營收及本年累計營收同比減少。
1150911,11508,6917,竟天,生技醫療業,1622,931,1206,74.22126745435015,34.49419568822554,8389,1292,549.3034055727554,本年度累計營業收入較增，主係合作開發暨授權合約收入及學名藥銷售較增所致。
1150911,11508,6920,恆勁科技,半導體業,241056,220455,120464,9.34476423759951,100.10625581086465,1414950,931597,51.884344840097164,主因係受市場需求成長所致。
1150911,11508,6926,聖安生醫,生技醫療業,0,0,0,,,20617,0,,本年累計營收較去年增加，主因係115年1月及2月有技術授權收入，前期無此情事。
1150911,11508,6927,聯合聚晶,半導體業,104024,107460,41049,-3.197468825609529,153.41421228288144,479185,400949,19.51270610476644,需求暢旺
1150911,11508,6932,水星生醫*,生技醫療業,8651,25991,0,-66.71540148512946,,34642,0,,本年度累計營收及本月營收均較去年同期增加50%以上，主係115年7月開始銷售「武倍威剛口溶錠 50毫克」藥品所致。
1150911,11508,6935,王子製藥,食品工業,112641,121834,87800,-7.545512746852275,28.29271070615034,851119,630658,34.957298567527886,-
1150911,11508,6938,藍新資訊,資訊服務業,59250,40755,41222,45.38093485461906,43.73392848478967,429476,340212,26.2377576334756,-
1150911,11508,6939,啟弘生技,生技醫療業,17863,14579,15595,22.525550449276356,14.543122795767875,122723,119646,2.571753339016766,-
1150911,11508,6940,格斯科技*,電子零組件業,10830,6062,85349,78.65390960079182,-87.31092338515975,80595,539241,-85.053992556204,本月營收減少，主係出貨量減少所致。
1150911,11508,6946,三地能源,綠能環保,80085,110016,101615,-27.2060427574171,-21.187816759336712,764847,742598,2.9961028712708626,-
1150911,11508,6950,科科科技-KY,數位雲端,316082,0,235700,,34.10352142554094,2248332,1995341,12.679085930675509,-
1150911,11508,6959,兆捷科技,化學工業,96734,68201,114652,41.83662996143752,-15.628161741618113,479660,493336,-2.772147177582824,-
1150911,11508,6963,品元,食品工業,83394,84881,64938,-1.7518643748306453,28.420955372817147,604795,659810,-8.338006395780603,-
1150911,11508,6972,博瑞達應材,化學工業,525278,374026,518942,40.43889996952083,1.2209456933530145,3787370,3913595,-3.2252954125299116,-
1150911,11508,6973,永立榮,生技醫療業,9666,5122,10672,88.71534556813745,-9.426536731634183,70827,56756,24.792092465994784,-
1150911,11508,6976,育世博-KY,生技醫療業,0,0,0,,,0,185,-100.0,主係去年增加委託收入，本年尚無收入之情形。
1150911,11508,6977,聯純,綠能環保,196908,104228,144562,88.92044364278313,36.21006903612291,1059087,1431658,-26.02374310065672,-
1150911,11508,6979,勝釩,光電業,15941,18972,70496,-15.97617541640312,-77.38736949614163,316457,461412,-31.41552452038525,本月營業收入較去年同期減少77.39%，主要係受整體終端市場需求放緩及主要客戶進行庫存調整影響，致客戶下單與拉貨動能暫時遞延。
1150911,11508,6980,鐳洋科技,通信網路業,85996,73977,37798,16.246941616989066,127.5146833165776,454304,248491,82.8251324997686,去年同期變動50% 以上原因： 主係因既有專案持續放量與新專案陸續出貨，帶動測試及AI電控相關元件營收成長所致。
1150911,11508,6984,ACpay,數位雲端,12495,11384,11095,9.759311314125087,12.618296529968454,111828,113039,-1.071311671193128,-
1150911,11508,6987,寶晶能源*,綠能環保,90446,123333,137035,-26.66520720326271,-33.99788375232605,897532,793365,13.12977003018787,-
1150911,11508,6990,華鉬,綠能環保,222892,178564,100291,24.824712708048654,122.24526627513934,1352129,748328,80.68667749970601,本月及本年累計營收較去年增加，係因客戶訂單增加及市場價格上揚所致。
1150911,11508,6992,萬勝發科技,半導體業,20735,20546,18187,0.9198870826438236,14.010007147962831,167337,145621,14.912684296907726,-
1150911,11508,6995,野獸國,其他,117474,171503,151147,-31.50323901039632,-22.27831184211397,1025763,895774,14.511361124569367,-
1150911,11508,6999,瀚醫生技,生技醫療業,10487,12889,11311,-18.636046240980683,-7.2849438599593315,86798,84079,3.2338633903828544,-
1150911,11508,7415,元澄半導體,半導體業,10388,10387,267,0.00962741888899586,3790.63670411985,115268,92399,24.750267860041774,主要係本公司執行專案達驗收條件故認列收入，致本月營收較去年同期大幅增加。
1150911,11508,7418,香繼光,觀光餐旅,158085,157035,154044,0.6686407488776387,2.623276466464127,1174625,1096943,7.08168063427179,-
1150911,11508,7419,達勝,電子零組件業,17557,6326,3554,177.53714827695225,394.00675295441755,87434,51510,69.74179770918268,本期客戶需求增加。
1150911,11508,7422,鴻林堂,生技醫療業,1919,6442,8071,-70.21111456069544,-76.22351629290051,51749,53152,-2.6395996387718244,.
1150911,11508,7427,華上生醫,生技醫療業,1802,2024,181,-10.968379446640316,895.5801104972376,9452,804,1075.6218905472638,114/12/1國產新成分新藥剋必達(Kepida/tucidinostat)健保給付生效，銷售收入所致。
1150911,11508,7443,凡事康,其他,39638,50791,47419,-21.95861471520545,-16.40903435331829,320555,381838,-16.049476479554155,-
1150911,11508,7455,樺緯物聯,電腦及週邊設備業,80308,73121,60840,9.828913718357244,31.99868507560815,454995,575883,-20.99176395205276,-
1150911,11508,7507,環拓科技,綠能環保,58179,22173,31627,162.38668651062102,83.95358396306953,279081,249288,11.951237123327235,主係設備銷售工程收入增加所致
1150911,11508,7516,清淨海,其他,39661,43437,20848,-8.693049704169256,90.2388718342287,279120,207901,34.256208483845676,積極推展業務
1150911,11508,7530,鋒魁科技,半導體業,31107,40882,11515,-23.910278362115356,170.14329135909682,231208,114120,102.60077111812127,因新機銷售及維修業務表現佳，帶動本月營收成長
1150911,11508,7551,知識科技,數位雲端,22578,23706,14830,-4.758289040749178,52.24544841537424,179493,116390,54.216857118309136,主要係因廣告收入業績回流
1150911,11508,7558,群利科技,其他,37999,45155,32098,-15.84763592071753,18.38432301077949,267553,235307,13.703799716965497,-
1150911,11508,7561,光晟生技,生技醫療業,16875,20045,21553,-15.8144175604889,-21.70463508560293,135498,157174,-13.791085039510351,-
1150911,11508,7562,博來科技,電腦及週邊設備業,74730,70349,62481,6.22752277928613,19.60435972535651,563515,519956,8.377439629507112,-
1150911,11508,7566,亞果遊艇,觀光餐旅,33573,25961,26016,29.320904433573435,29.047509225092252,302985,298047,1.6567856747425742,-
1150911,11508,7578,利百景,其他,49510,40339,34923,22.73482238032673,41.76903473355668,347188,289268,20.022954492028155,-
1150911,11508,7583,國際海洋,綠能環保,117697,101773,164233,15.646586029693534,-28.335352821905463,719156,761549,-5.566680541895531,-
1150911,11508,7590,怡和國際,其他,331108,294566,286871,12.405369255107514,15.420520024680084,2148815,1494360,43.795002542894615,訂單增加所致
1150911,11508,7595,世基生醫,生技醫療業,9108,11589,28096,-21.408231944084907,-67.58257403189066,89359,117955,-24.243143571701072,本月份市場需求減少
1150911,11508,7607,通用幹細胞*,生技醫療業,2030,2253,1862,-9.897913892587662,9.022556390977444,14594,13661,6.829661078983969,本期累計營業收入較去年增加，主係醫材收入增加所致
1150911,11508,7669,碩正科技,半導體業,51045,47071,27594,8.44256548618045,84.98586649271581,272082,170124,59.93157931861466,客戶需求增加。
1150911,11508,7686,捷立康,生技醫療業,4,0,132,,-96.96969696969697,144,365,-60.54794520547945,本月營收及累計營收較去年同期減少，主係護手霜產品銷售下滑。
1150911,11508,7702,前端風電,綠能環保,23303,207241,11130,-88.75560337964014,109.37106918238993,638233,1007031,-36.62230854859483,本月增加百分比達50%以上，主係因本月銷售方面較去年同月多元，因此營業收入增加。
1150911,11508,7706,宏碁創達,其他,58142,56409,45986,3.072204790015778,26.43413212716914,450446,342122,31.66238944002432,-
1150911,11508,7707,益芯科,半導體業,139804,74551,33428,87.52800096578181,318.22424314945556,730917,307509,137.68962859623622,1.本月營收較去年同期增加，主要為量產產品收入增加。 2.本月累計營收較去年同期累計增加，主要為量產產品收入增加。
1150911,11508,7710,東擎科技,電腦及週邊設備業,310636,352807,152946,-11.952994129935064,103.10174832947577,2421646,1228815,97.07165032978926,客戶需求強勁
1150911,11508,7719,碳基,其他,15935,9929,837,60.48947527444859,1803.8231780167264,75556,15185,397.5699703654923,按成本基礎投入法衡量履約義務完成程度認列標案收入
1150911,11508,7724,諾亞克,生技醫療業,28295,30153,35538,-6.1619076045501275,-20.38100061905566,241404,258069,-6.457575299629169,-
1150911,11508,7725,列特博,生技醫療業,11307,13370,7231,-15.430067314884068,56.36841377402849,76763,49690,54.48379955725498,本月及本年累計營收皆較去年同期增加，係因市場開發成果與客戶需求提升，致使出貨增加。
1150911,11508,7726,暄達,生技醫療業,40824,35926,28531,13.63358013694817,43.08646735130209,270213,197076,37.111063752055045,-
1150911,11508,7729,仲恩生醫,生技醫療業,0,0,0,,,0,0,,不適用
1150911,11508,7731,火星生技*,食品工業,30659,40540,52587,-24.373458312777505,-41.698518645292566,341746,397159,-13.952346541309652,-
1150911,11508,7735,台智雲,資訊服務業,110273,37547,17023,193.69323780861322,547.7882864359983,587092,560306,4.78060202817746,主係本公司投入執行服務專案，致本月營收較去年同期大幅增加。
1150911,11508,7737,凱鈿,數位雲端,29632,29417,25994,0.7308699051568821,13.995537431715011,236391,252043,-6.210051459473185,-
1150911,11508,7742,天弘化,化學工業,246403,300153,96844,-17.907533824416216,154.43290239973567,2053787,518099,296.40821541828876,主係新能源材料客&#12094;需求量增加，致本&#12105;營收較去年同期增加。
1150911,11508,7745,紅陽,數位雲端,14130,13415,14838,5.329854640327991,-4.771532551556813,113983,119711,-4.784856863613202,-
1150911,11508,7748,鑫囍創業,其他,32896,23929,20238,37.47335868611309,62.54570609744046,296040,107477,175.44497892572363,"營收增長主因係本月有部分今年開案已如期執行，並認列當月結案之收入,收入依完工比例法認列。"
1150911,11508,7752,世紀樺欣,綠能環保,401943,282547,194736,42.25704042159357,106.40405472023663,1849343,2445479,-24.377064779538077,本月增加百分比達50%以上，主係因工程進度所致。
1150911,11508,7754,安基生技,生技醫療業,115,125,63,-8.0,82.53968253968254,780,7243,-89.23098163744305,年度差異主係去年 1-3 月 AJ201 專案依進度認列收入，且該合約已於去年 4 月終止不再認列所致。
1150911,11508,7756,多那之,觀光餐旅,106929,109790,113283,-2.605883960287822,-5.608961627075554,827280,832820,-0.6652097692178381,-
1150911,11508,7758,睿騰能源,電子零組件業,47430,42852,6881,10.68328199383926,589.2893474785642,139450,157402,-11.405191801883076,115年8月E-bike電池模組訂單量增加
1150911,11508,7759,視航生醫,生技醫療業,0,0,0,,,0,0,,無
1150911,11508,7761,三大未來,綠能環保,24101,16353,20069,47.37968568458387,20.09068712940356,182400,145487,25.37202636661695,-
1150911,11508,7762,吉晟生,生技醫療業,20348,26015,22090,-21.783586392465885,-7.8859212313263924,174131,129020,34.96434661292823,-
1150911,11508,7763,崇舜,化學工業,111558,103840,88823,7.432588597842835,25.595847922272384,836293,711942,17.466450918754617,-
1150911,11508,7764,聖州,其他,61434,70018,63945,-12.259704647376388,-3.9268121041520057,498698,515940,-3.341861456758538,-
1150911,11508,7771,綠基,光電業,102753,94816,55290,8.370950050624367,85.84373304395008,599427,448474,33.65925337923715,本月營收較去年同期增加，主係受惠客戶需求成長，帶動數位安全監控產品出貨增加所致。
1150911,11508,7773,富禾生醫,生技醫療業,3821,2983,3623,28.092524304391553,5.465084184377588,28190,25584,10.18605378361476,-
1150911,11508,7776,奧孟亞,生技醫療業,122,121,118,0.8264462809917356,3.389830508474576,971,4173,-76.73136832015336,本期累計授權收入較去年累計減少
1150911,11508,7779,鍇睿國際,運動休閒,34454,20129,21355,71.16597943265934,61.339264809178175,193360,135214,43.002943482183795,本期活動專案增加致營收成長。
1150911,11508,7781,昕力資*,數位雲端,58711,63463,44143,-7.487827553062414,33.00183494551798,556598,485253,14.70263965395371,-
1150911,11508,7783,佳運,綠能環保,116126,70799,153441,64.02209070749586,-24.31879354279495,615932,1008718,-38.93912867620088,-
1150911,11508,7784,安邦生技*,生技醫療業,0,0,0,,,0,0,,本公司為新藥研發生技公司，目前尚未有新藥商品化。
1150911,11508,7785,北祥科服,數位雲端,124386,271078,105009,-54.114313961295274,18.452704053938234,1362519,1119388,21.71999342497865,-
1150911,11508,7789,開展,觀光餐旅,241752,212083,213658,13.98933436437621,13.149051287571726,1658012,1420880,16.689094082540397,-
1150911,11508,7790,思必瑞特,生技醫療業,23661,21141,21630,11.919965942954448,9.389736477115118,168113,189632,-11.347768309146137,-
1150911,11508,7796,擷發科,半導體業,3996,3605,2515,10.846047156726769,58.886679920477135,13662,43427,-68.54030902433969,主係按完比法認列
1150911,11508,7797,Q Burger,觀光餐旅,230849,226660,215044,1.848142592429189,7.349658674503822,1729457,1564895,10.515849306183481,-
1150911,11508,7798,將捷,建材營造,97308,57326,101944,69.74496737954854,-4.547594757906301,754442,1228723,-38.599505340097,-
1150911,11508,7801,華芸科技,資訊服務業,29259,48827,38001,-40.076187355356666,-23.004657772163892,335068,369920,-9.421496539792388,-
1150911,11508,7806,精華生醫,食品工業,45698,44015,49977,3.823696467113484,-8.561938491706185,371904,368815,0.8375472798015265,-
1150911,11508,7808,訊聯智藥,生技醫療業,18007,22776,14439,-20.93870741131015,24.710852552115796,147534,86724,70.11899820118998,本月銷售狀況較去年同期成長，主因係市場經營成果，客戶需求增加致營收成長。
1150911,11508,7812,稜研科技*,通信網路業,13303,13046,5434,1.969952475854668,144.81045270518953,97602,100231,-2.6229410062755036,本月營收較去年同期顯著提升，主要係出貨量增加所致。
1150911,11508,7813,宇辰系統,其他電子業,207047,289555,172401,-28.494759199461242,20.096171135898285,2042646,1210735,68.71123738885883,本年累計之營業收入較去年累計增加50%以上，主要係廠務自動化及機電工程收入增加所致。
1150911,11508,7815,新特,半導體業,85218,85012,98744,0.2423187314732038,-13.698047476302358,706410,702756,0.5199528712668409,-
1150911,11508,7816,來穎,電子零組件業,197495,247655,191223,-20.25398235448507,3.2799401745605916,1340210,2353047,-43.04363661244336,-
1150911,11508,7824,智寶,其他,16293,8116,5369,100.75160177427304,203.4643322778916,166150,107981,53.86966225539678,營收成長主要係IP專案相關遊戲製作收入及商品活動收入帶動
1150911,11508,7826,極風雲創,數位雲端,11318,11127,9677,1.7165453401635662,16.95773483517619,82724,83187,-0.5565773498262949,-
1150911,11508,7829,思捷優達-KY,生技醫療業,0,0,0,,,0,0,,本公司目前正處於新藥開發階段，尚未進入商業化階段，且尚無產生重大之進貨及銷貨等商業&#64008;為
1150911,11508,7831,捷博,居家生活,20240,19947,21214,1.4688925652980398,-4.591307627038748,151889,120515,26.033273866323693,-
1150911,11508,7832,智新生技*,生技醫療業,0,0,0,,,0,1592,-100.0,本公司本年度專注於自身產品研究開發，減少提供試驗測試勞務服務所致。
1150911,11508,7833,綠岩能源,綠能環保,46067,95671,30827,-51.84852254079084,49.43718169137444,654904,594390,10.180857686031057,-
1150911,11508,7836,智生活,其他,85163,84955,74654,0.24483550114766642,14.076941624025505,656209,586988,11.792574975979067,-
1150911,11508,7837,啟新生,生技醫療業,105987,107078,99131,-1.018883430770093,6.916100916968456,780789,694705,12.391446729187209,-
1150911,11508,7840,祥圃,農業科技,134828,158714,153904,-15.049712060687778,-12.394739577918703,1192042,1168163,2.044149660620992,-
1150911,11508,7841,經貿聯網,資訊服務業,29968,28514,28667,5.09924949147787,4.53831932186835,241338,303653,-20.52177979469987,-
1150911,11508,7843,英柏得,半導體業,80249,70486,27408,13.850977499077832,192.7940747227087,743630,205061,262.63843441707587,受惠於市場結構性缺貨影響，帶動需求增加。
1150911,11508,7846,德揚,綠能環保,122501,119084,60335,2.869403110409459,103.03472279771277,787995,494275,59.42440948864498,本期營收較去年同期增加，主要係客戶需求量增加所致。
1150911,11508,7847,豊漁,觀光餐旅,104158,89956,83839,15.787718440126284,24.235737544579493,776959,648237,19.857243569867194,-
1150911,11508,7848,騏億鑫,其他電子業,295464,302984,223078,-2.481979246428854,32.448739902634955,1985768,1171891,69.44988911084734,營收較去年同期累計增加50%以上，主要係115年度各期進行中之專案較去年同期增加所致。
1150911,11508,7849,旭誼,其他電子業,85024,81819,34221,3.9171830503917184,148.45562666199118,509575,366689,38.96653567464527,本月營收較去年同期增加，主要係因本月正在投入進行的專案較去年同期增加所致。
1150911,11508,7850,寶泰生醫,生技醫療業,1728,1668,1656,3.597122302158273,4.3478260869565215,13453,11357,18.45557805758563,-
1150911,11508,7851,慧康生技*-KY,生技醫療業,9923,6694,12706,48.23722736779205,-21.903037934833936,75277,114776,-34.41398898724472,-
1150911,11508,7853,政美應用,半導體業,30300,95049,27329,-68.12170564656125,10.871235683705953,372826,252701,47.53641655553401,-
1150911,11508,7854,佐茂,電腦及週邊設備業,180157,178653,122419,0.8418554404348094,47.16424737990018,1250543,1090807,14.643837085753942,-
1150911,11508,7856,漢測,半導體業,502617,482770,234010,4.111067381983139,114.78441092261015,3170299,1403145,125.94236518677685,營收增加主要受惠於半導體測試工程服務與客製化產品穩定成長。
1150911,11508,7857,合水先進,綠能環保,138780,113705,64080,22.052680181170572,116.57303370786516,1135869,1402777,-19.027115500182852,本月營業收入較去年同期增加達50%以上，主係工程收入上升所致。
1150911,11508,7858,芝普,化學工業,157319,156661,142201,0.420015192038861,10.631430158718997,1315199,929181,41.543897260060206,-
1150911,11508,7860,得生製藥,生技醫療業,64033,60309,70346,6.1748661062196355,-8.974213174878457,470966,554854,-15.11893218756646,-
1150911,11508,7861,貝爾威勒,電子零組件業,878184,895645,440309,-1.9495447414991431,99.4472063936917,6811534,2703717,151.9322103607737,主係客戶需求增加，較去年同期成長。
1150911,11508,7862,聚泰,紡織纖維,35412,55607,51175,-36.317370115273256,-30.802149487054226,361274,436265,-17.18932300322052,-
1150911,11508,7863,中科物流,航運業,34590,36532,29937,-5.3158874411474875,15.542639543040385,256859,241796,6.229631590266175,無
1150911,11508,7865,金聯成,綠能環保,33991,15539,31731,118.74638007593796,7.122372443351927,221299,241920,-8.523892195767196,-
1150911,11508,7866,丹立,半導體業,848920,835895,246124,1.5582100622685864,244.9155710129853,6125414,2225178,175.277483419304,AI記憶體需求增加，價格上漲。
1150911,11508,7867,特力屋,居家生活,719056,720124,739062,-0.14830779143591938,-2.7069447488843967,5977800,5849730,2.189331815314553,-
1150911,11508,7868,聖育,資訊服務業,394314,282230,120877,39.713708677319914,226.21094170106804,2170764,886328,144.9165545937847,主係客戶需求增加，本年營收較去年同期成長
1150911,11508,7869,宏于電機,電機機械,304970,283822,284904,7.45114895955916,7.043074158312976,2363182,2251491,4.960757116062201,-
1150911,11508,7870,聯剛科技,其他電子業,49746,39997,14119,24.374328074605597,252.33373468375947,250227,169518,47.61087318160903,本月營收較去年同期成長，主係客戶智慧製造及智慧自動化生產需求增加、出貨量提升所致。
1150911,11508,7871,安立璽榮-KY,生技醫療業,0,0,0,,,63277,223,28275.336322869956,本月無營收
1150911,11508,7872,登豐,半導體業,50800,46410,71239,9.459168282697695,-28.690745237861282,544772,591927,-7.9663539591875345,-
1150911,11508,7873,瑞峰,半導體業,138448,132800,98621,4.253012048192771,40.383893896837385,949836,674131,40.89783736395449,-
1150911,11508,7875,安圖斯,電腦及週邊設備業,139841,189980,97186,-26.39172544478366,43.89006647047929,1836850,1047079,75.42611397993848,累計營收較去年同期增加主要係因終端客戶專案需求增加，帶動營收成長。
1150911,11508,7876,鼎晉生技,生技醫療業,0,0,0,,,0,0,,係屬新藥研發階段，尚無營收&#160;。
1150911,11508,7877,海利普,綠能環保,83829,51315,131639,63.361590178310436,-36.319023997447566,694608,748049,-7.144050723949902,去年八月份依工程進度認列較高之工程收入
1150911,11508,7878,藥祇,生技醫療業,0,0,0,,,0,0,,尚無營收
1150911,11508,7879,益材科技,電機機械,37508,31252,43293,20.017918853193397,-13.362437345529301,222342,272395,-18.375153728959784,-
1150911,11508,7880,聖凰,半導體業,57159,64986,86125,-12.044132582402364,-33.63251088534108,616058,574900,7.159158114454688,-
1150911,11508,7881,科明,生技醫療業,54435,69821,47149,-22.036350095243552,15.453137924452268,508620,470447,8.114197773606804,-
1150911,11508,7882,倍利創投,其他,589508,416353,-11551,41.58850782869344,5203.523504458489,761303,94670,704.1649941903454,營業收入為投資標的之評價損益(含已實現及未實現)，投資標的的股數及公允價值變動情形，請參考本公司網站投資人專區/財務資訊。
1150911,11508,7883,饗賓,觀光餐旅,1311013,1098252,1112697,19.372694062929092,17.82300123034393,9351407,7593465,23.150722364559527,-
1150911,11508,7885,宏羚,其他電子業,117187,136837,121964,-14.360151128715186,-3.916729526745597,985689,945354,4.266655665496734,-
1150911,11508,7886,科建,半導體業,44110,42357,25312,4.138631158958377,74.26517067003793,296671,221953,33.663883795217906,客戶需求增加
1150911,11508,7887,宇川精材,半導體業,17940,20868,12252,-14.03105232892467,46.42507345739471,141180,75025,88.17727424191936,商品銷售出貨量較去年同期及累積增加
1150911,11508,7888,麗寶新藥,生技醫療業,0,0,0,,,0,0,,係屬新藥研發階段，尚無營收。
1150911,11508,7889,騰勢,食品工業,69674,73724,70637,-5.493462101893549,-1.3633081812647763,602085,544340,10.608259543667561,-
1150911,11508,7890,明曜科技,綠能環保,43447,43032,64678,0.9643985870979735,-32.82569034292959,491635,327601,50.07127572870657,客戶排程需求，進而提升出貨量與營收
1150911,11508,7891,博研醫藥,生技醫療業,0,0,0,,,0,0,,無
1150911,11508,7892,元鈦科,電腦及週邊設備業,126328,114428,24411,10.399552557066452,417.5044037524067,1212162,467950,159.0366492146597,主係業績成長。
1150911,11508,7893,睿信,電子零組件業,55160,23805,48765,131.71602604494853,13.11391366758946,330460,341769,-3.308960145595417,-
1150911,11508,7894,瀚軒,半導體業,120128,169989,110419,-29.331897946337705,8.792870792164392,994582,801480,24.09317762140041,-
1150911,11508,7895,元進莊,農業科技,245419,244717,225195,0.28686196708851447,8.980661204733675,1922286,1529095,25.7139680660783,-
1150911,11508,7896,喬越,電子零組件業,443136,450258,283268,-1.5817597910531296,56.43701371139698,2980281,2264268,31.622272628505105,本月營收較去年同期增加，主要係因AI半導體封裝，以及太陽能與散熱應用需求成長所致。
1150911,11508,7897,禾迅綠電,綠能環保,19512,19840,21561,-1.653225806451613,-9.50326979268123,141448,156826,-9.80577200209149,-
1150911,11508,7898,乾瞻,半導體業,68798,31617,102376,117.59812758958788,-32.798702820973666,389457,319658,21.835524216506393,-
1150911,11508,7899,景美,半導體業,83653,71766,39138,16.563553771981162,113.73856609944299,545665,291328,87.30262796572934,-
1150911,11508,7901,大大寬頻,通信網路業,78517,78706,76644,-0.24013417020303407,2.443765982986274,623644,602204,3.560255328759025,-
1150911,11508,7902,宇越生醫*,生技醫療業,0,0,0,,,0,0,,無
1150911,11508,7904,任開數位,數位雲端,21134,24732,16832,-14.547954067604723,25.558460076045627,191772,135326,41.71112720393716,-
1150911,11508,7907,錸恩帕斯,其他電子業,187084,171916,107835,8.822913515903116,73.49098159224741,1192701,977661,21.995354217873068,係因美國子公司開始投入專案，故較去年同期增加。
1150911,11508,7909,鈺祥,半導體業,306788,305646,146124,0.3736348586273009,109.95045303988394,1776253,1044630,70.03656797143486,客戶訂單需求增加，故當月較去年同期成長。
1150911,11508,7911,阿波羅電力,綠能環保,181651,181857,61611,-0.11327581561336654,194.8353378455146,1293511,378190,242.02675903646315,主要係業務量持續增加。
1150911,11508,7912,新聿科,電子零組件業,112462,145200,87571,-22.546831955922865,28.42379326489363,960150,656550,46.24171807173863,-
1150911,11508,7913,通寶半導體,半導體業,62242,39446,9163,57.79039699842823,579.2753465022373,422386,184833,128.52304512722296,主係晶片產品銷量成長及合併子公司效應所致。
1150911,11508,7914,碩明綠能,綠能環保,23019,0,21540,,6.866295264623956,197833,125737,57.338730842949964,工程管理服務收入較去年同期增加
1150911,11508,7915,廌家,通信網路業,103699,108710,27984,-4.609511544476129,270.5653230417381,765271,200334,281.99756406800645,無
1150911,11508,7917,源傑科技,通信網路業,379255,361492,8319,4.913801688557423,4458.901310253636,1746153,1373487,27.132837806255175,因客戶需求增加所致
1150911,11508,7918,創鉅材料,半導體業,514820,581400,0,-11.451668386652907,,4207547,0,,去年同期尚未正式營運，致營收較去年增加100%
1150911,11508,7919,禾蒼,光電業,26804,24245,22167,10.554753557434523,20.918482428835656,201081,217051,-7.357717771399349,-
1150911,11508,7920,瀚陽*,生技醫療業,0,0,0,,,0,0,,無
1150911,11508,7921,台普威,綠能環保,47928,153359,11050,-68.74784003547232,333.73755656108597,1310647,1914928,-31.556330055229232,本月營收增加，主要係因承包工程案件依進度認列工程收入所致。
1150911,11508,7922,源點*,綠能環保,40725,53434,21627,-23.784481790620205,88.30628381190179,308441,168835,82.68783131459709,充電站點數量增加、充電使用率上升及加盟站點認列收入，帶動營收增加
1150911,11508,7924,TLC-KY,生技醫療業,15808,3104,6208,409.2783505154639,154.63917525773195,46523,64044,-27.357754044094683,本月營業收入較去年同期增加，係因本期有銷貨收入所致。
1150911,11508,7925,健生,電機機械,152484,189700,160406,-19.61834475487612,-4.938718003067217,1473684,1574771,-6.419155547060493,-
1150911,11508,7926,中華立鼎,光電業,55335,66624,11214,-16.944344380403457,393.4456928838951,392806,149204,163.2677408112383,營收大幅成長，主要係終端客戶需求提高，致訂單增加所致。
1150911,11508,7927,連距電機,電機機械,195799,226736,267195,-13.644502857949334,-26.72055989071652,1725776,1605119,7.517012757309582,-
1150911,11508,7928,合聖科技*,通信網路業,136,1307,3201,-89.59449120122417,-95.75132771009059,11055,12976,-14.804254007398274,本月營收較去年同期減少，主係光通訊零組件及委託設計(NRE)收入減少所致。
1150911,11508,7929,碩通,電腦及週邊設備業,114482,141223,130835,-18.935300907076044,-12.498949057973784,809083,551853,46.612050672914705,-
1150911,11508,7930,威世波,通信網路業,64753,113001,64007,-42.69696728347537,1.1654975237083445,657833,477239,37.841416983943056,-
1150911,11508,7931,續升綠能,綠能環保,407135,418271,198825,-2.6623887384016585,104.77052684521564,2704785,1107829,144.15185015015857,因本年度售電業務成長，售電量增加致營收增加
1150911,11508,7932,昱鐳應材,電子零組件業,48013,77718,44103,-38.22151882446795,8.865610049203003,589089,334982,75.85691171465929,受出貨時程及運輸安排調整影響，部分營收認列時點遞延，導致本月營收下滑。
1150911,11508,7933,威旭,其他,17499,17663,16138,-0.9284945932174602,8.433510967901846,146915,115077,27.666692736167956,-
1150911,11508,7934,鋒霈環境科技,綠能環保,189009,175703,121071,7.573006721569922,56.114180935153755,1110592,677458,63.9351812215665,"因客戶需求增加,使營收成長。"
1150911,11508,7935,安富,通信網路業,165160,165238,153380,-0.047204638158292886,7.680271221802061,1172271,1311049,-10.58526416632788,-
1150911,11508,7936,寰聖,電子零組件業,20973,23648,20374,-11.311738836265222,2.9400215961519582,212302,125154,69.63261262125062,配合客戶出貨需求
1150911,11508,7939,技宸,電腦及週邊設備業,181725,188041,182991,-3.3588419546800963,-0.6918373034739413,1489862,1271455,17.17772158668612,-
1150911,11508,7942,東佑達,電機機械,307924,278143,162776,10.707082328154941,89.17039366982847,2029119,1374188,47.65949055005574,本月營收較去年同期增加50%以上之原因，主要係各產品線銷售較去年同期成長所致。
1150911,11508,7943,鴻璟科技,數位雲端,13992,13535,12742,3.3764314739564094,9.810076911002982,102311,94165,8.650772580045665,-
1150911,11508,7944,睿禾金碳,綠能環保,97440,0,73664,,32.27628149435274,706373,410716,71.98575171164504,本期合併營業收入較去年同期增加，主要係因併購太陽能案場挹注相關售電收入；另今年綠電轉供電能服務業務量較去年同期大幅增加。
1150911,11508,7945,廣盛科技,電腦及週邊設備業,66256,0,34077,,94.43026087977228,425511,242607,75.39106456120392,主要受惠於高階儲存產品銷售比重提升
1150911,11508,8058,耐特,其他電子業,261212,204176,177030,27.934722984092154,47.552392249901146,1886782,1643266,14.81902503915982,-
1150911,11508,8098,慶康科技,半導體業,86339,82684,53080,4.420444100430555,62.65825169555388,531126,411519,29.064757641809976,因客戶終端需求增加，故本期營收隨之增加。
1150911,11508,8119,公信,電腦及週邊設備業,114389,92750,48562,23.33045822102426,135.55248960092254,635109,461806,37.52723004898161,本月因客戶標案出貨，故營收較去年同期成&#11985;。
1150911,11508,8298,威睿,資訊服務業,19984,20341,7496,-1.755075954967799,166.59551760939166,139500,52837,164.0195317675114,主係專案軟體出貨所致
1150911,11508,8329,台視,文化創意業,50652,68951,56856,-26.539136488230774,-10.911777121148164,636051,603888,5.325987600349734,-
1150911,11508,8345,超秦,農業科技,376195,371380,324706,1.2965156982066885,15.857113819886298,2711863,2587133,4.821166905605549,-
1150911,11508,8359,錢櫃,觀光餐旅,263360,249259,285765,5.657167845494044,-7.84035833639529,2093747,2258533,-7.296151971213172,-
1150911,11508,8458,影一,文化創意業,1436,547,1766,162.52285191956125,-18.68629671574179,26624,26043,2.230925776600238,-
1150911,11508,8999,台灣積層,其他,159704,173347,153705,-7.870340992344834,3.902930939136658,1179544,1225713,-3.766705582791404,-
1150911,11508,9957,燁聯,鋼鐵工業,3688861,3385976,3959078,8.945278997842868,-6.825250727568388,25924224,25502589,1.653302729381711,-
1150911,11508,1240,茂生農經,農業科技,251724,242511,230525,3.7990029318257728,9.195965730398004,1934907,1795018,7.793180904035503,-
1150911,11508,1259,安心,觀光餐旅,557241,550828,518800,1.1642472786423348,7.409599074787972,4199264,4028338,4.243089830098666,-
1150911,11508,1264,德麥,食品工業,574572,593252,526051,-3.1487462326296414,9.223630408458495,4633411,4324235,7.149842688938043,-
1150911,11508,1268,漢來美食,觀光餐旅,593410,551405,494542,7.617812678521232,19.991830825288854,4820456,4104798,17.434670354058834,-
1150911,11508,1294,漢田生技,食品工業,51332,69919,68440,-26.583618186758965,-24.99707773232028,576577,494773,16.5336427007941,-
1150911,11508,1295,生合,食品工業,75012,78660,75481,-4.63768115942029,-0.621348418807382,664388,682289,-2.6236682696042295,-
1150911,11508,1336,台翰,電子零組件業,314788,324336,215400,-2.94386068768191,46.14113277623027,1886730,1677830,12.450605842069816,-
1150911,11508,1565,精華,生技醫療業,302119,303353,345141,-0.40678681272313116,-12.465050515586384,2385832,2851420,-16.328285555968606,-
1150911,11508,1569,濱川,電腦及週邊設備業,208971,207224,279673,0.8430490676755588,-25.280237992226635,2041190,2210166,-7.645398580921071,-
1150911,11508,1570,力肯,電機機械,30262,37664,54046,-19.652718776550554,-44.00695703659845,356082,390114,-8.723603869638106,-
1150911,11508,1580,新麥,電機機械,374472,440522,416408,-14.993575803251597,-10.070892009759659,3079802,3181929,-3.209593928714311,-
1150911,11508,1584,精剛,其他,210511,195477,199485,7.690930390787663,5.5272326240068175,1490444,1745077,-14.591505131292202,-
1150911,11508,1586,和勤,電機機械,209678,219209,186346,-4.347905423591184,12.520794650810858,1598332,1476316,8.264897217126956,-
1150911,11508,1591,駿吉-KY,電機機械,53841,42489,5238,26.71750335380922,927.8923253150057,349504,79963,337.08215049460375,本期銷售數量增加所致
1150911,11508,1593,祺驊,運動休閒,115295,122407,94577,-5.810125237935739,21.90596022288717,884304,786009,12.505581997152705,-
1150911,11508,1595,川寶,半導體業,87427,111520,64469,-21.60419655667145,35.61091377251082,610904,478114,27.77371087230242,-
1150911,11508,1599,宏佳騰,電機機械,292257,249147,147235,17.30303796553842,98.4969606411519,1614553,1268729,27.257515198281116,市場需求提升客戶增加拉貨所致
1150911,11508,1742,台蠟,化學工業,8002,3653,5247,119.05283328770874,52.506194015627976,52979,83719,-36.71806877769682,本月營收較去年同期增加，係因蠟品較去年同期增加
1150911,11508,1777,生泰,生技醫療業,134826,102068,114568,32.09429008112239,17.68207527407304,848871,868536,-2.2641548536848215,-
1150911,11508,1780,立弘,食品工業,74837,82537,66535,-9.329149351200067,12.477643345607575,655773,564500,16.168821966341895,-
1150911,11508,1781,合世,生技醫療業,29128,21098,21874,38.06047966631908,33.16265886440523,243516,257328,-5.367468755829137,-
1150911,11508,1784,訊聯,生技醫療業,109060,121005,95351,-9.87149291351597,14.37740558567818,883117,802804,10.004060767011625,-
1150911,11508,1785,光洋科,其他電子業,4515809,5261124,3454857,-14.166459486604003,30.70899895422589,40546922,24815120,63.39603435324915,主係業績增長所致
1150911,11508,1788,杏昌,生技醫療業,383189,362860,351739,5.602436201289754,8.941288853382764,2998845,2825309,6.142195420040782,-
1150911,11508,1796,金穎生技,食品工業,57338,64643,64348,-11.300527512646381,-10.893889475974389,444105,444874,-0.17285793280794112,-
1150911,11508,1799,易威,生技醫療業,107765,67691,59075,59.20137093557489,82.42065171392298,638785,358573,78.14643043397021,因新藥/學名藥產品出貨較去年同期多，故營收成長。
1150911,11508,1813,寶利徠,生技醫療業,22715,22779,22584,-0.2809605338250143,0.5800566772936592,193240,210239,-8.08555976769296,-
1150911,11508,1815,富喬,電子零組件業,912400,854379,509132,6.791014292252034,79.20696400933353,5779410,3822377,51.19937149056726,主要受惠於AI伺服器與高速傳輸需求帶動高階產品出貨比重提高，電子級玻纖布產品市場價格走高。
1150911,11508,2035,唐榮公司,鋼鐵工業,669227,880207,923686,-23.96936175240597,-27.548214436507646,6841168,6802803,0.5639587093731805,-
1150911,11508,2061,風青,電器電纜,119426,126081,83854,-5.2783528049428545,42.421351396474826,918092,773138,18.74878740923354,-
1150911,11508,2063,世鎧精密,鋼鐵工業,60563,88303,72923,-31.41456122668539,-16.94938496770566,608595,665406,-8.537794970288816,-
1150911,11508,2064,晉椿,鋼鐵工業,128613,143500,140649,-10.374216027874564,-8.557472857965573,1166949,1007153,15.866109717192918,-
1150911,11508,2065,世豐,鋼鐵工業,205027,240139,159291,-14.621531696225937,28.712231073946427,1537632,1389694,10.645365094761868,-
1150911,11508,2066,世德,電機機械,223565,211148,199871,5.880709265538863,11.854646246829205,1906616,1754325,8.680888660880965,-
1150911,11508,2067,嘉鋼,電機機械,80111,75520,80827,6.079184322033898,-0.8858426021007831,620511,682244,-9.04852222958355,-
1150911,11508,2070,精湛,電機機械,74081,106258,63963,-30.281955241017148,15.818520081922362,525837,421173,24.850595835915406,-
1150911,11508,2073,雄順,鋼鐵工業,153282,147018,43822,4.260702771089254,249.78321391082105,679887,377011,80.3361175138126,主因今年第二季起開始增加購料含料自製生產銷售，使得營業收入增加。
1150911,11508,2221,大甲,其他,198738,139767,109607,42.19236300414261,81.31871139616996,1145665,887484,29.091341365027425,本公司相關工程案訂單持續出貨所致。
1150911,11508,2230,泰茂,居家生活,39324,133854,247693,-70.62172217490699,-84.12389530588268,1318884,1119480,17.812198520741774,酒水事業收入減少
1150911,11508,2235,謚源,電機機械,46590,29036,50153,60.45598567295771,-7.104260961457939,366037,378851,-3.382332368134174,-
1150911,11508,2596,綠意,建材營造,446189,146580,32149,204.39964524491745,1287.8783165883854,1342876,886456,51.48817312985642,本公司「綠意領航1號」建案完工、陸續交屋中，故本年單月及累計營業收入淨額均較去年同期增加。
1150911,11508,2640,大車隊,數位雲端,298693,292401,250491,2.151839425993755,19.243006734772905,2255934,2044060,10.36535131062689,-
1150911,11508,2641,正德,航運業,194097,196763,330321,-1.3549295345161438,-41.239884839292685,1568128,1569316,-0.07570177070774783,-
1150911,11508,2643,捷迅,航運業,799777,704464,741877,13.52986100070408,7.804528243900269,4915528,5436594,-9.584419951167956,-
1150911,11508,2718,全心投控,建材營造,27289,19419,395408,40.52731860548947,-93.09852102132481,277062,2688008,-89.69266460516486,配合銷售個案交屋認列收入
1150911,11508,2719,燦星旅,觀光餐旅,119493,120445,155073,-0.7904022582921666,-22.944032810353832,1089536,1418255,-23.177707817000467,-
1150911,11508,2724,藝舍-KY,其他,23752,34185,7248,-30.5192335819804,227.70419426048565,164155,104327,57.3466120946639,營收增加係因不動產代銷個案銷售成長所致。
1150911,11508,2726,雅茗-KY,觀光餐旅,49619,47084,44694,5.3839945629088435,11.019376202622276,370739,396469,-6.489788608945466,-
1150911,11508,2729,瓦城,觀光餐旅,612073,506325,597481,20.88539969387251,2.4422533938317703,4408114,4160341,5.955593543894599,-
1150911,11508,2732,六角,觀光餐旅,478705,446855,415321,7.127591724384867,15.261448373667596,3579005,2762676,29.548488494488677,-
1150911,11508,2734,易飛網,觀光餐旅,237457,216192,154552,9.836164150384842,53.642139862311716,1474078,1108849,32.937667797869686,本月營收較去年同期成長，主係因國外團體旅遊營收成長所致。
1150911,11508,2736,富野,觀光餐旅,44339,44716,35489,-0.8430986671437517,24.93730451689256,385167,335498,14.804559192603234,-
1150911,11508,2740,華軒,觀光餐旅,4020,3436,9785,16.996507566938302,-58.91670924885028,37700,96220,-60.81895655788817,差異原因為門店數及商品銷售金額均較去年同期減少
1150911,11508,2743,山富,觀光餐旅,492260,561704,489210,-12.363095153319186,0.6234541403487255,4504797,4469182,0.7969019834054644,-
1150911,11508,2745,五福,觀光餐旅,785145,937667,711076,-16.266115795906224,10.416467438079755,6772338,5862754,15.514619920945004,-
1150911,11508,2751,王座,觀光餐旅,203166,179589,193932,13.128309640345455,4.761462780768516,1395219,1124622,24.061151213474393,-
1150911,11508,2752,豆府,觀光餐旅,404580,363362,371903,11.34350867729702,8.786430870415135,2958121,2680026,10.37657843617935,-
1150911,11508,2754,亞洲藏壽司,觀光餐旅,578697,507276,540930,14.079317767842358,6.981864566579779,4075376,3832260,6.343932822929551,-
1150911,11508,2755,揚秦,觀光餐旅,310020,311206,269071,-0.38109805080878906,15.218659758948382,2328158,1961380,18.699996940929346,-
1150911,11508,2756,聯發國際,觀光餐旅,98218,108222,119153,-9.243961486573895,-17.56984717128398,817520,731269,11.79470208637314,-
1150911,11508,2916,滿心,居家生活,128438,113217,125489,13.444094084810585,2.3500067735020598,1247301,1232200,1.2255315695503977,-
1150911,11508,2924,宏太-KY,居家生活,2160,2949,3992,-26.754832146490337,-45.89178356713427,33848,33324,1.5724402832793183,因本期子公司工程收入及嬰童用品收入較去年同期減少，而子公司累計工程收入較去年同期增加所致
1150911,11508,2926,誠品生活,文化創意業,614606,568096,601729,8.18699656396102,2.1399999002873384,4689335,4499488,4.219302285059989,-
1150911,11508,2937,集雅社,居家生活,411926,472313,393105,-12.785377493314815,4.787779346485036,3508259,3118515,12.497743316931295,-
1150911,11508,2941,米斯特,居家生活,71233,67375,90891,5.726159554730983,-21.628103992694545,603964,638044,-5.341324422767082,-
1150911,11508,2947,振宇五金,居家生活,209064,220460,205467,-5.169191690102513,1.7506460891530027,1617736,1513287,6.902127620206874,-
1150911,11508,2948,寶陞,居家生活,184412,199666,186954,-7.6397583965221925,-1.359692758646512,1485520,1463531,1.5024621958810576,-
1150911,11508,2949,欣新網,數位雲端,619341,533608,447357,16.06666316846824,38.44446381748805,4304776,3414419,26.076383712719498,-
1150911,11508,3064,泰偉,文化創意業,6586,6861,6183,-4.0081620754991985,6.517871583373767,54754,56526,-3.134840604323674,-
1150911,11508,3066,李洲,光電業,18481,21483,15544,-13.973839780291394,18.89475038600103,180262,174163,3.5018919058583053,-
1150911,11508,3067,全域,居家生活,3313,4736,2446,-30.0464527027027,35.44562551103843,40808,35142,16.12315747538558,-
1150911,11508,3071,協禧,電腦及週邊設備業,194203,258660,185801,-24.919585556328773,4.522042400202367,1966573,1494578,31.580486264350206,-
1150911,11508,3073,天方能源,綠能環保,15672,52881,22170,-70.3636466783911,-29.309878213802435,158574,56633,180.00282520791765,本年營收增加主要為認列新電廠之試運轉期收入。
1150911,11508,3078,僑威,電子零組件業,403049,454323,795554,-11.285803272121376,-49.33731714000558,4067479,7663907,-46.92682205042415,-
1150911,11508,3081,聯亞,通信網路業,520469,501210,185285,3.8425011472237185,180.9018539007475,3147247,1374127,129.03610801621684,數據中心產品出貨量較同期增加
1150911,11508,3083,網龍,文化創意業,32215,27795,35418,15.902140672782874,-9.04342424755774,247065,242525,1.8719719616534378,-
1150911,11508,3085,新零售,數位雲端,8236,5353,8172,53.85764991593499,0.7831620166421929,48146,38454,25.20414001144224,-
1150911,11508,3086,華義*,文化創意業,7775,8957,10606,-13.19638271742771,-26.69243824250424,86235,105814,-18.503222635946095,-
1150911,11508,3088,艾訊,電腦及週邊設備業,945678,944420,529714,0.13320344761864425,78.52614807235602,6503446,4350083,49.50165318684724,月營收較去年同期成長78.53%，主要係台灣及美洲地區專案訂單出貨增加所致。
1150911,11508,3093,港建*,其他電子業,121580,248629,82083,-51.09983147581336,48.11836799337256,1136070,1460463,-22.211654797143098,-
1150911,11508,3095,及成,通信網路業,52804,53089,49060,-0.536834372468873,7.631471667346107,465183,398718,16.669676312581824,-
1150911,11508,3105,穩懋,半導體業,1937397,1892049,1484003,2.396766679932708,30.55209457123739,13676774,10282561,33.00941273287851,-
1150911,11508,3114,好德,電子零組件業,244505,298699,235430,-18.143348320550118,3.854648940237013,2101338,2012833,4.397036415837777,-
1150911,11508,3115,富榮綱,電子零組件業,510,339,647,50.442477876106196,-21.174652241112828,4796,2165,121.52424942263279,去年受限於發票開立額度，今年配合業務擴展需求向稅局申請發票增量致營收增加。
1150911,11508,3118,進階,生技醫療業,56813,65528,67817,-13.299658161396655,-16.226020024477638,443551,478368,-7.2782878453408255,-
1150911,11508,3122,笙泉,半導體業,26899,22289,24871,20.682848041634887,8.154075027140042,211578,216890,-2.4491677809027617,-
1150911,11508,3128,昇銳,光電業,61165,62980,86437,-2.8818672594474437,-29.237479320198528,606802,731251,-17.01864339330818,-
1150911,11508,3131,弘塑,半導體業,681351,792895,475316,-14.067940900119183,43.346952343283206,4797154,3903162,22.90430169180782,-
1150911,11508,3141,晶宏,半導體業,242126,215671,134686,12.266368681927565,79.77072598488336,1342979,1083628,23.933582373286775,單月營收增加係訂單需求成長所致。
1150911,11508,3147,大綜,資訊服務業,1535454,1565626,460436,-1.9271524616990265,233.47826842384174,11956758,5640993,111.96193648884159,"本月營收及累計營收較去年同期成長,主要係客服需求依舊強勁"
1150911,11508,3152,璟德,通信網路業,155549,145418,111397,6.966812911744076,39.634819609145666,1059758,969468,9.313355366035806,-
1150911,11508,3158,嘉實,資訊服務業,110557,106191,79307,4.1114595398856775,39.40383572698501,773126,636319,21.49975091109962,-
1150911,11508,3162,精確,電機機械,1137089,1076152,565183,5.662490057166646,101.18952622424949,6543627,4904402,33.42354480729761,訂單量增加
1150911,11508,3163,波若威,通信網路業,205091,210064,186973,-2.3673737527610634,9.69016916881047,1663101,1412648,17.729328183666418,-
1150911,11508,3169,亞信,半導體業,87908,91252,80197,-3.6645772147459783,9.61507288302555,674421,640141,5.355070211094119,-
1150911,11508,3171,炎洲流通,居家生活,219497,218169,193443,0.6087024279343078,13.468566968047435,1850723,1117487,65.61472303480936,合併營收增加主係因收購新增合併個體子公司營收所致
1150911,11508,3176,基亞,生技醫療業,329175,96429,110683,241.3651494882245,197.40339528202162,971844,1085272,-10.451573430439558,本期增加海外營收。
1150911,11508,3178,公準,半導體業,110092,135120,102423,-18.522794552989936,7.487576032727024,907662,854064,6.275642106446355,-
1150911,11508,3188,鑫龍騰,建材營造,153162,221791,584675,-30.943095075994968,-73.8039081541027,2906082,1363163,113.18668420431013,完工建案陸續交屋中
1150911,11508,3191,雲嘉南,電子零組件業,19726,17086,16738,15.45124663467166,17.85159517266101,126168,117401,7.467568419349068,-
1150911,11508,3205,佰研,生技醫療業,35233,31430,35366,12.099904549793191,-0.37606740937623706,401902,285613,40.71558367441258,-
1150911,11508,3206,志豐,電子零組件業,311861,350691,213309,-11.072425582635425,46.20151986085913,2269546,2224781,2.0121081580614004,-
1150911,11508,3207,耀勝,電子零組件業,126732,150528,167479,-15.808354591836734,-24.329617444575142,1101122,1208838,-8.91070598376292,-
1150911,11508,3211,順達,電腦及週邊設備業,1676806,1228732,1429009,36.46637346467741,17.340478611401327,9741351,8057644,20.89577300759378,-
1150911,11508,3213,茂訊,電腦及週邊設備業,389527,366207,365789,6.367983135221337,6.48953358356867,2492111,2112745,17.95607136687106,"系統事業部 223,027 仟元/通路事業部 166,500 仟元"
1150911,11508,3217,優群,電子零組件業,298689,340711,372286,-12.333619988788152,-19.768941082930866,2534741,2705162,-6.299844519477946,-
1150911,11508,3218,大學光,生技醫療業,396323,405819,362344,-2.3399594400459316,9.377552822731989,3018437,2848571,5.963200495967978,-
1150911,11508,3219,倚強科,其他電子業,247259,243178,206521,1.6781945735222759,19.72583901879228,1627331,1230964,32.19972314381249,-
1150911,11508,3221,台嘉碩,通信網路業,226412,250686,175988,-9.683029766321214,28.651953542286975,1682565,1462754,15.027202113274003,-
1150911,11508,3224,三顧,電子通路業,180766,199422,120839,-9.355036054196628,49.59243290659472,1207567,1013728,19.121401401559392,-
1150911,11508,3226,龍鋒,電機機械,195422,186791,87261,4.620672302198714,123.95113510044578,1017336,1180466,-13.819118890336528,因受讓自龍鋒企業之特定營業部門併入整體營運，受惠於組織整併效應帶動整體銷售成長所致。
1150911,11508,3227,原相,半導體業,815750,893048,740690,-8.655525794806103,10.133794164900296,6456416,6092140,5.979442363438792,-
1150911,11508,3228,金麗科,半導體業,28785,34278,25981,-16.024855592508313,10.792502213155768,234700,208416,12.611315829878704,-
1150911,11508,3230,錦明,光電業,42481,41635,28158,2.031944277651015,50.86653881667732,287563,270695,6.23136740612128,本月營業收入增加係因客戶需求增加所致。
1150911,11508,3232,昱捷,電子通路業,98044,92971,65453,5.45654021146379,49.79298122316777,699912,628280,11.401286050805373,-
1150911,11508,3234,光環,通信網路業,108640,96043,51702,13.116000124944035,110.12726780395343,583679,459804,26.94082696105297,主要受客戶訂單需求增加影響
1150911,11508,3236,千如,電子零組件業,222684,247607,186515,-10.065547419903314,19.392006004878965,1631248,1346653,21.133506552913037,-
1150911,11508,3252,海灣,觀光餐旅,26639,25193,43925,5.739689596316437,-39.353443369379626,307769,333293,-7.658126633322632,-
1150911,11508,3259,鑫創,半導體業,16547,21161,25478,-21.80426255848022,-35.05377188162336,142874,149822,-4.637503170428909,-
1150911,11508,3260,威剛,半導體業,18925261,18379079,4982863,2.9717593574737884,279.80697041038457,101575864,31928435,218.13605646502873,記憶體售價上漲
1150911,11508,3264,欣銓,半導體業,1794449,1766652,1224270,1.573428156762056,46.57297818291717,12078170,9020825,33.89207749845497,-
1150911,11508,3265,台星科,半導體業,401868,421419,388792,-4.639325706719441,3.3632379267063106,3538668,3038742,16.451742201213527,-
1150911,11508,3268,海德威,半導體業,82587,84243,75642,-1.9657419607563833,9.181407154755295,680488,642230,5.957055883406256,-
1150911,11508,3272,東碩,電腦及週邊設備業,137785,257522,236731,-46.49583336569303,-41.79680734673532,1793285,1964687,-8.724137737970477,-
1150911,11508,3276,宇環,電子零組件業,56822,80818,40222,-29.691405379989607,41.27094624832181,468474,342413,36.8154830570101,-
1150911,11508,3284,太普高,其他,60032,66004,62459,-9.047936488697655,-3.885749051377704,546223,561183,-2.665797075107407,-
1150911,11508,3285,微端,其他電子業,85703,104722,69577,-18.161417849162543,23.177199361858086,748944,429234,74.48384797103678,因醫療產品及PCB鑽孔設備銷售量增加，致使整體營收較去年同期增加。
1150911,11508,3287,廣寰科,電腦及週邊設備業,86141,76069,81248,13.240610498363328,6.022302087435999,596445,565534,5.465807537654677,-
1150911,11508,3288,點晶,電子零組件業,2962,5419,8367,-45.34046872116627,-64.59901995936417,47532,46839,1.479536283866009,製造延遲，延遲出貨
1150911,11508,3289,宜特,其他電子業,370835,400151,402648,-7.326234346534183,-7.9009457392064535,3037965,3153336,-3.65869669454825,-
1150911,11508,3290,東浦,電子零組件業,370266,366177,205936,1.1166730843280708,79.79663584803046,2594030,1407806,84.26047338908913,主要係併入BI-LINK 公司之營業收入。
1150911,11508,3293,鈊象,文化創意業,2268408,2228833,1817575,1.775592877528285,24.804093366160956,17175408,14544154,18.09148885524727,-
1150911,11508,3294,英濟,電子零組件業,362292,383530,356314,-5.537506844314656,1.6777336843346038,2212258,2316250,-4.489670804101457,-
1150911,11508,3297,杭特,光電業,25476,25485,23059,-0.03531489111241907,10.481807537187215,166531,138072,20.61170983255113,-
1150911,11508,3303,岱稜,其他電子業,282427,346240,286462,-18.430279574861366,-1.4085637885653246,2382235,2051593,16.116354462117975,-
1150911,11508,3306,鼎天,通信網路業,130220,110135,89497,18.236709492895084,45.50208386873303,785549,693677,13.244204435205434,-
1150911,11508,3310,佳穎,電子零組件業,462355,860312,128445,-46.25728805363636,259.96340846276615,2437812,2064071,18.10698372294364,"本月認列建案""敦南""營收"
1150911,11508,3313,斐成,建材營造,1145,631,1066,81.45800316957211,7.410881801125703,20953,5960,251.56040268456377,本年累計營收較去年同期增加，主係本年合併子公司之營收增加所致。
1150911,11508,3317,尼克森,半導體業,165616,235344,228666,-29.628118838806174,-27.572966685034068,1835421,1775359,3.3830904059404325,-
1150911,11508,3322,建舜電,電子零組件業,210854,291708,261432,-27.71744347086813,-19.346522231402428,2116452,2015706,4.998050310908436,-
1150911,11508,3323,加百裕,電腦及週邊設備業,281339,388693,530588,-27.619226484654984,-46.97599644168356,2843758,3429762,-17.08585027182644,-
1150911,11508,3324,雙鴻,其他電子業,3141249,3765466,1878969,-16.577416978403203,67.17939465738924,24155518,13344596,81.01348291098509,成長動能來自AI伺服器液冷散熱系統市佔率持續攀升。
1150911,11508,3325,旭品,電腦及週邊設備業,35424,37085,97622,-4.4788998247269785,-63.71309745754031,440796,846446,-47.92390772713203,主要係電腦機殼及週邊營收減少所致
1150911,11508,3332,幸康,電子零組件業,199378,178060,128865,11.972368864427722,54.71850386062934,1323870,1111327,19.125153982581185,配合客戶訂單交貨時程出貨
1150911,11508,3339,泰谷,光電業,69214,67334,75920,2.7920515638459027,-8.832982086406744,548820,553947,-0.9255398079599673,-
1150911,11508,3349,寶德,電腦及週邊設備業,21294,12273,42030,73.50281104864337,-49.33618843683084,224585,346781,-35.2372246461023,-
1150911,11508,3354,律勝,電子零組件業,9070,12342,6876,-26.511100307891752,31.90808609656777,86430,66097,30.762364403830734,-
1150911,11508,3357,臺慶科,電子零組件業,815423,875885,532722,-6.902961005154786,53.06726585348456,5604810,4238998,32.22016146268528,受AI、車用等產品需求持續提升，客戶出貨動能延續近期成長趨勢，致本月營收較去年同期成長53.07%。
1150911,11508,3360,尚立,電子通路業,854251,999135,602038,-14.500943315968312,41.8932027546434,7104023,4392279,61.73888316293205,"本月較去年同月增加41.89％,係客戶需求增加"
1150911,11508,3362,先進光,光電業,244259,416111,364056,-41.299557089334336,-32.9062012437647,2718539,2870589,-5.29682235945306,-
1150911,11508,3363,上詮,通信網路業,204482,170843,180642,19.690007784925342,13.197373811184553,1186482,1326532,-10.557604339736999,-
1150911,11508,3372,典範,半導體業,127698,126159,98153,1.2198891874539273,30.100964820229642,901858,711332,26.784398846108427,-
1150911,11508,3373,熱映,其他電子業,38634,37012,43528,4.382362477034476,-11.243337621760706,289644,266109,8.844120266507334,-
1150911,11508,3374,精材,半導體業,908948,860894,664725,5.58187186808132,36.740456579788635,5868237,4404337,33.23769275602662,-
1150911,11508,3379,彬台,電機機械,45542,136408,133080,-66.61339510879127,-65.77847911030959,480797,782460,-38.55315287682438,本期銷貨收入較上期減少所致
1150911,11508,3388,崇越電,電子零組件業,624644,729945,620384,-14.42588140202344,0.6866714808892557,5743087,4914068,16.870320068830956,-
1150911,11508,3390,旭軟,電子零組件業,75472,85919,68678,-12.159126619257673,9.892542007629809,648207,507106,27.82475458779821,-
1150911,11508,3402,漢科,其他電子業,601466,592044,452763,1.5914357716656193,32.84345231390374,4137776,3409342,21.365823669200683,-
1150911,11508,3430,奇鈦科,化學工業,180394,152253,183600,18.48305123708564,-1.7461873638344227,1305206,1074199,21.505047016428055,-
1150911,11508,3434,哲固,光電業,54804,25027,38608,118.9795021376913,41.94985495234148,336046,486011,-30.856297491209048,-
1150911,11508,3438,類比科,半導體業,72128,71159,82719,1.3617392037549714,-12.803588051112804,591510,723525,-18.246086866383333,-
1150911,11508,3441,聯一光電,光電業,43916,51374,43540,-14.517070891890839,0.8635737253100597,350530,273341,28.239085976856746,-
1150911,11508,3444,利機,電子通路業,131273,137220,103133,-4.333916338726133,27.285156060620753,921726,827887,11.334759453886823,-
1150911,11508,3455,由田,光電業,206308,149552,168512,37.95067936236226,22.429263197873148,858572,1073436,-20.016470474252774,-
1150911,11508,3465,進泰電子,其他電子業,203753,144566,198980,40.94116182228186,2.398733541059403,1302448,1192698,9.20182644726494,-
1150911,11508,3466,德晉,通信網路業,15591,12740,10413,22.378335949764523,49.72630365888793,164900,57834,185.12639623750735,AI產品本月無訂單
1150911,11508,3467,台灣精材,半導體業,75929,68667,50685,10.57567681710283,49.80566242478051,519411,410655,26.48354458121781,-
1150911,11508,3479,安勤,電腦及週邊設備業,961222,956538,709739,0.4896825844869728,35.43316627661718,6492588,5536501,17.268794857979795,-
1150911,11508,3483,力致,電腦及週邊設備業,626804,639108,924987,-1.9251832241186153,-32.23645305285372,5506896,5976701,-7.860607381898475,-
1150911,11508,3484,崧騰,電子零組件業,389259,415791,378949,-6.381090499794368,2.7206827303937997,3086960,3139920,-1.6866671762337895,-
1150911,11508,3485,敘豐,電子零組件業,61657,57534,47461,7.166197378941148,29.910874191441394,417039,374643,11.316373187274285,配合客戶裝機
1150911,11508,3489,森寶,建材營造,61548,86746,61704,-29.048025269176676,-0.2528199144301828,661345,388914,70.04916253979029,本年累計合併營收較去年同期成長70.05%，主係本公司持股100%之子公司營造收入較去年顯著增加所致。
1150911,11508,3490,單井,光電業,24105,30222,25458,-20.240222354576137,-5.314635870846099,175353,164757,6.431289717584078,-
1150911,11508,3491,昇達科,通信網路業,321180,230139,166254,39.55913600041714,93.18632935147426,2473503,1426477,73.39943090565077,由於低軌衛星產業需求增長，營收較去年同期大幅提升。
1150911,11508,3492,長盛,電子零組件業,70724,76657,59984,-7.739671523800827,17.904774606561748,579155,564832,2.535798255056371,-
1150911,11508,3498,陽程,其他電子業,359366,429406,84349,-16.31090389980578,326.0465447130375,1861483,730579,154.7955799441265,本月/本年 可完工案件較多所致
1150911,11508,3499,環天科,通信網路業,21793,26935,21013,-19.090402821607572,3.711987817065626,195470,227347,-14.021297839865932,-
1150911,11508,3508,位速,其他電子業,98087,84050,58668,16.700773349196908,67.1899502284039,641964,596231,7.670349243833346,本期與去年同期的差異，主因本期加工組裝需求增加，以致本期營業收入較去年同期增加。
1150911,11508,3511,矽瑪,電子零組件業,163374,188919,116898,-13.521668016451494,39.75773751475646,1283165,1116102,14.968434784634379,-
1150911,11508,3512,皇龍,建材營造,11017,0,40,,27442.5,283716,762486,-62.79066107443284,本期建案完工交屋增加.
1150911,11508,3516,亞帝歐,光電業,62566,82689,82613,-24.33576412823955,-24.266156658153076,713701,609650,17.067333716066596,-
1150911,11508,3520,華盈,電子零組件業,126380,140954,94783,-10.339543397136655,33.33614677737569,894266,773727,15.579009133712537,-
1150911,11508,3521,台鋼建設,建材營造,20,1,1028,1900.0,-98.05447470817121,11544,200460,-94.24124513618678,POS商品內外銷累計較去年同期減少，建設事業累計較去年同期減少。
1150911,11508,3522,御嵿,觀光餐旅,58158,58452,62036,-0.502976801478136,-6.251208975433619,801008,748066,7.0771830293049005,-
1150911,11508,3523,迎輝,光電業,3579,8264,38487,-56.69167473378509,-90.70075609946215,52812,90897,-41.89907257665269,"售電:銷貨額$3,037,756;HC膜:銷貨額$417,015"
1150911,11508,3526,凡甲,電子零組件業,417246,403504,300523,3.4056663626630717,38.839955677269295,3132441,2436402,28.568315081008798,-
1150911,11508,3527,聚積,半導體業,100126,101996,119754,-1.833405231577709,-16.390266713429195,934826,992077,-5.770822224484592,-
1150911,11508,3529,力旺,半導體業,356928,675856,249996,-47.188750266328924,42.77348437575001,3223404,2644345,21.89801255131233,-
1150911,11508,3531,先益,光電業,86022,69617,92078,23.564646566212275,-6.577032515910424,686234,923575,-25.69807541347481,-
1150911,11508,3537,堡達,電子零組件業,244095,304697,228978,-19.889267042340425,6.601944291591332,2080092,1945524,6.916799792755063,-
1150911,11508,3540,曜越,電腦及週邊設備業,398123,363837,436160,9.423450611125311,-8.720882245047688,3047227,3426901,-11.079222889718729,-
1150911,11508,3541,西柏,其他電子業,108858,108671,90523,0.1720790275234423,20.254520950476675,719410,730809,-1.5597782731192418,-
1150911,11508,3546,宇峻,文化創意業,212520,153989,109634,38.00985784698907,93.84497509896565,1298392,866321,49.8742383019689,新遊戲上市致營收大幅增加
1150911,11508,3548,兆利,電子零組件業,645658,656476,703011,-1.6478896410531383,-8.158193826270145,5368411,6655732,-19.341538992255096,-
1150911,11508,3551,世禾,綠能環保,299675,299604,245689,0.02369794795797119,21.973307718294265,2271602,1885199,20.496669051914413,-
1150911,11508,3552,同致,其他電子業,640832,636561,654878,0.6709490528009099,-2.1448269754061062,5168602,5339971,-3.2091747314732606,-
1150911,11508,3555,博士旺,半導體業,46831,78823,32044,-40.587138271824216,46.14592435401323,577030,129177,346.69716745241027,本月因銷售電子產品，致本月及累計營收較去年同期增加。
1150911,11508,3556,禾瑞亞,半導體業,91617,116697,67233,-21.49155505282912,36.26790415420999,836595,640200,30.67713214620431,-
1150911,11508,3558,神準,通信網路業,1599436,1292316,1169144,23.76508531968961,36.80402071943234,9519346,10383716,-8.324283907610724,-
1150911,11508,3564,其陽,通信網路業,269866,296008,182560,-8.831518067079267,47.823181419807185,1934035,1532788,26.177592726456627,-
1150911,11508,3567,逸昌,半導體業,27508,25501,25603,7.870279596878554,7.440534312385267,186355,178860,4.190428267919043,-
1150911,11508,3570,大塚,資訊服務業,289969,233330,167218,24.274203917198818,73.407767106412,1955528,1703361,14.804084395498077,因8月客戶訂單增加所致
1150911,11508,3577,泓格,電腦及週邊設備業,122206,140503,91164,-13.022497740261773,34.0507217761397,1101881,791174,39.27163936125302,-
1150911,11508,3580,友威科,其他電子業,46361,29720,36545,55.99259757738896,26.860035572581747,265591,282548,-6.001458159321602,-
1150911,11508,3581,博磊,半導體業,111622,179420,154468,-37.78731468063761,-27.737783877566876,1135947,913259,24.383882337869103,-
1150911,11508,3587,閎康,其他電子業,565259,563117,479926,0.38038276237442664,17.780449485962418,4196418,3566711,17.655116997143868,-
1150911,11508,3594,磐儀,電腦及週邊設備業,263008,256954,174742,2.356063731251508,50.512183676505934,1749609,1215422,43.95074303410667,"客戶需求增加,故出貨量較去年同期成長"
1150911,11508,3597,映興,電子零組件業,104822,97879,79190,7.093452119453611,32.36772319737341,654078,546489,19.687313010874878,-
1150911,11508,3609,三一東林,電子零組件業,16490,28697,16505,-42.53754747883054,-0.09088155104513784,225562,329874,-31.62177073670553,-
1150911,11508,3611,鼎翰,電腦及週邊設備業,1084543,1045799,856285,3.7047271990124298,26.656778992975468,8039752,7636196,5.284777918220014,-
1150911,11508,3615,安可,光電業,43061,60179,80715,-28.445138669635586,-46.65056061450784,476058,681115,-30.106076066449866,-
1150911,11508,3623,富晶通,光電業,40996,19405,20888,111.26513785106931,96.26579854461892,193470,201332,-3.9049927482963462,主係本公司自115年8月起新增納入子公司(翊光電子股份有限公司）之合併財務報表，致營收規模成長所致
1150911,11508,3624,光頡,電子零組件業,367119,351605,221475,4.412337708508127,65.7609210971893,2341623,1791551,30.703675195403314,主係市場需求增加
1150911,11508,3625,西勝,電腦及週邊設備業,50505,35920,36174,40.604120267260576,39.61685188256759,308083,283051,8.843635952531523,-
1150911,11508,3628,盈正,其他電子業,298667,375871,274912,-20.540025700306753,8.640946921196601,2423780,2085699,16.209481809215998,-
1150911,11508,3629,地心引力,文化創意業,1443,5525,300,-73.88235294117646,381.0,28143,886,3076.410835214447,主係客戶行銷及活動專案增加致營收成長。
1150911,11508,3630,新鉅科,光電業,172335,170881,193188,0.8508845336813338,-10.794148704888503,1591138,1500857,6.015296593879364,-
1150911,11508,3631,晟楠,電子零組件業,5543,5065,1062,9.437314906219152,421.939736346516,28539,21097,35.275157605346735,本月收入較去年同期營收增多肇因於錫价上漲50%多
1150911,11508,3632,研勤,通信網路業,20962,26928,20628,-22.155377302436126,1.619158425441148,190635,162431,17.36368057821475,-
1150911,11508,3646,艾恩特,電子零組件業,84335,78979,55923,6.78154952582332,50.80557194714161,546674,455395,20.043917917412358,8月營收成長率50.81%，主因為部分產品漲價生效、車用與工業用訂單增加，貢獻營收。
1150911,11508,3663,鑫科,其他電子業,497170,516713,483181,-3.782176953163555,2.895188345568224,5109360,3715275,37.52306356864566,本月貴金屬銷售金額佔合併營收比率為56%。
1150911,11508,3664,安瑞-KY,通信網路業,42844,31256,11603,37.07448169951369,269.24933206929245,198681,278105,-28.55899750094389,本月營收較去年同期增加主係美國及印度地區的營收增加所致。
1150911,11508,3666,光耀,光電業,39940,29473,33008,35.513860143181894,21.000969461948618,319334,329780,-3.1675662562920737,-
1150911,11508,3672,康聯訊,通信網路業,9556,19368,9496,-50.660883932259395,0.6318449873631002,137352,143776,-4.468061428889383,-
1150911,11508,3675,德微,半導體業,300057,291073,228170,3.0865109439899956,31.505894727615374,2076632,1720901,20.671206536575898,-
1150911,11508,3680,家登,半導體業,839771,870996,560069,-3.5849762800288407,49.94063231494691,5890827,4485809,31.321395984537013,-
1150911,11508,3684,榮昌,通信網路業,108712,105671,107020,2.8777999640393297,1.5810128947860214,800439,759655,5.368752920733754,-
1150911,11508,3685,元創精密,電機機械,74395,88462,83404,-15.901743121340237,-10.80164020910268,886254,697594,27.044383982660403,-
1150911,11508,3687,歐買尬,數位雲端,166403,167898,142050,-0.8904215654742761,17.14396339317142,1321625,1156569,14.271176211708942,-
1150911,11508,3689,湧德,電子零組件業,780917,842762,481849,-7.3383707381206085,62.06674705146218,5768612,4024589,43.33418890723997,本年度營收新增浙江榆陽電子股份有限公 司營收
1150911,11508,3691,碩禾,光電業,841543,918839,478589,-8.412355156888204,75.83834981581273,6912091,3144927,119.78541950258305,主要係因太陽能導電漿產品銷量增加所致。
1150911,11508,3693,營邦,電腦及週邊設備業,1266730,1224872,467403,3.417336668647826,171.01452065990162,6588093,5259021,25.272232227252942,營收成長
1150911,11508,3707,漢磊,半導體業,659489,647766,509097,1.8097584621607186,29.540932278131674,4637083,3667609,26.433406614500072,-
1150911,11508,3709,鑫聯大投控,電腦及週邊設備業,4882358,6513387,2773158,-25.041180571644215,76.05769307049941,38808319,26809261,44.75713821429095,DRAM持續熱銷，並有大型專案出貨。
1150911,11508,3710,連展投控,電子零組件業,697471,745256,558669,-6.411890679176015,24.845122961896937,5278821,4612332,14.450152330751559,-
1150911,11508,3713,新晶投控,綠能環保,80692,62589,28333,28.92361277540782,184.79864468993753,381324,192746,97.83756861361584,綠電轉售電平台於去年底開始售電，使本期較去年同期增加
1150911,11508,3718,中光電投控,光電業,3428522,0,0,,,3428522,0,,中光電投控(公司代號 3718)於8月起 100%認列中強光電(原公司代號 5371)的營收
1150911,11508,4102,永日,生技醫療業,35325,41704,32868,-15.295894878189143,7.475355969331873,353059,324808,8.697753749907637,-
1150911,11508,4105,東洋,生技醫療業,525921,537048,457878,-2.0718818429637573,14.860508694455728,4235119,3911376,8.276959310483063,-
1150911,11508,4107,邦特,生技醫療業,192806,192877,164291,-0.036811024642647905,17.356398098495962,1520319,1391167,9.283716476885953,-
1150911,11508,4109,加捷生醫,生技醫療業,44069,48736,38679,-9.576083388049902,13.935210320845938,360858,315335,14.436393042320072,-
1150911,11508,4111,濟生,生技醫療業,118174,118833,110575,-0.5545597603359336,6.872258647976486,968874,918235,5.51481919116566,-
1150911,11508,4113,聯上,建材營造,689457,581140,29310,18.638710121485357,2252.2927328556807,1458623,572625,154.7256930801135,不動產於過戶時點認列營收，故波動較大。
1150911,11508,4114,健喬,生技醫療業,754260,791740,503239,-4.7338772829464215,49.881070425781786,5095870,4060586,25.495925957484953,-
1150911,11508,4116,明基醫,生技醫療業,417672,431417,414072,-3.186012604973842,0.869414014953921,3602899,3438960,4.767109823900249,-
1150911,11508,4120,友華,生技醫療業,358940,395754,370245,-9.302243312765,-3.0533835703385597,3095779,3001931,3.126254400917276,-
1150911,11508,4121,優盛,生技醫療業,332235,324503,319361,2.3827206528136875,4.031174752083066,2541796,2547686,-0.23119018591773083,-
1150911,11508,4123,晟德,生技醫療業,150960,156530,93459,-3.5584233054366576,61.52537476326518,1205529,986504,22.202140082554152,主係受子公司豐華客戶訂單需求增加，進而推升本月營收。
1150911,11508,4126,太醫,生技醫療業,223090,224734,222257,-0.7315314994615857,0.3747913451544833,1632454,1616152,1.0086922517188976,-
1150911,11508,4127,天良,生技醫療業,54765,58916,38886,-7.045624278633987,40.834747724116646,496683,330518,50.27411517678311,本年度整體營收較去年同期增加，主要係本年度電視媒體銷售增長。
1150911,11508,4128,中天,生技醫療業,154495,152047,156517,1.6100284780363967,-1.291872448360242,1287460,1222586,5.306293381406298,-
1150911,11508,4129,聯合,生技醫療業,486818,567506,452851,-14.21799945727446,7.500701113611321,4113829,3630569,13.310861190077919,-
1150911,11508,4131,浩泰,生技醫療業,15960,16775,14415,-4.858420268256334,10.718002081165453,188905,162196,16.467113862240744,-
1150911,11508,4138,曜亞,生技醫療業,112251,117429,113724,-4.40947295812789,-1.295241110055925,916853,895709,2.3605880927845986,-
1150911,11508,4139,馬光-KY,生技醫療業,93031,90501,90254,2.795549220450603,3.076871939193831,715163,713440,0.2415059430365553,公告合併數為公司自結數
1150911,11508,4147,中裕,生技醫療業,60472,63691,50599,-5.0540892747797965,19.512243324966896,446079,402209,10.90726463107489,每月營收受行銷夥伴每月進貨數量及CDMO生產時程影響而會有波動，但公司仍持續朝整年銷售目標前進
1150911,11508,4153,鈺緯,生技醫療業,79634,83052,71222,-4.115493907431489,11.81095728847828,630648,577117,9.275588832073913,-
1150911,11508,4154,樂威科-KY,其他,4870,5455,2244,-10.724106324472961,117.02317290552584,23123,13834,67.14616163076478,115年7月起增加服飾配件買賣業務、泰國房屋租賃維持滿租，故營收增加。
1150911,11508,4157,太景*-KY,生技醫療業,7053,2956,2591,138.59945872801083,172.2115013508298,28575,27251,4.858537301383436,本月營收較去年同期增加，主要係因認列布利沙福之權利金收入所致
1150911,11508,4160,訊聯基因,生技醫療業,51904,58876,46533,-11.84183708132346,11.542346291878882,410538,388686,5.622018801809173,-
1150911,11508,4161,聿新科,生技醫療業,50852,95489,66586,-46.745698457413944,-23.62959180608536,608228,520378,16.881958883734516,-
1150911,11508,4162,智擎,生技醫療業,20649,23335,22199,-11.510606385258196,-6.982296499842335,541795,428725,26.37354947810368,-
1150911,11508,4163,鐿鈦,生技醫療業,248930,290155,210287,-14.20792335131223,18.376314275252394,1843472,1625084,13.438566867928058,-
1150911,11508,4166,友霖,生技醫療業,115915,131837,100919,-12.077034519899573,14.859441730496735,1006049,853154,17.921149053980876,-
1150911,11508,4167,松瑞藥,生技醫療業,117173,97481,95808,20.200859654701944,22.2998079492318,734172,803994,-8.684393167113187,-
1150911,11508,4168,醣聯,生技醫療業,91,1057,3266,-91.3907284768212,-97.21371708511941,15102,32899,-54.09586917535487,114年8月為委託研究收入。
1150911,11508,4171,瑞基,農業科技,18177,23251,17117,-21.822717302481614,6.1926739498743935,153733,141577,8.586140404161693,-
1150911,11508,4173,久裕,生技醫療業,144189,123679,126801,16.583251805076042,13.712825608630848,1055481,1014531,4.036347829686821,-
1150911,11508,4174,浩鼎,生技醫療業,817,4081,1067,-79.98039696152904,-23.430178069353328,25742,32388,-20.51994565888601,-
1150911,11508,4175,杏一,生技醫療業,692982,659023,668285,5.152930929573019,3.6955789820211438,5315015,5238104,1.4682984530280423,-
1150911,11508,4183,福永生技,生技醫療業,31695,26236,39169,20.807287696295166,-19.08141642625546,226895,330868,-31.424314228030514,-
1150911,11508,4188,安克,生技醫療業,2399,3336,2332,-28.087529976019184,2.8730703259005144,18839,19402,-2.901762704875786,-
1150911,11508,4192,杏國,生技醫療業,1848,2177,2099,-15.112540192926046,-11.958075273939972,16423,17782,-7.642559892025644,-
1150911,11508,4198,欣大健康,生技醫療業,14563,21155,15039,-31.16048215551879,-3.165104062770131,108588,131751,-17.580891226632055,-
1150911,11508,4205,中華食,食品工業,176841,211728,174767,-16.477272727272727,1.1867228939101775,1373003,1340540,2.4216360571113134,-
1150911,11508,4207,環泰,食品工業,489265,538483,395725,-9.140121415160738,23.637627140059383,3861051,3486024,10.758015435349842,-
1150911,11508,4303,信立,塑膠工業,148570,107880,97571,37.71783463107156,52.26860440089781,771492,692872,11.346973178307104,自115/8/1起合併重要子公司邁達康公司營收
1150911,11508,4304,勝昱,塑膠工業,22265,23845,26509,-6.62612707066471,-16.009657097589496,233579,228676,2.1440815826759256,增減百分比未達50%，無需說明。
1150911,11508,4305,世坤,塑膠工業,67578,81957,96361,-17.544566052930197,-29.86996814063781,648459,723142,-10.32757051865332,-
1150911,11508,4401,東隆興,紡織纖維,303204,288742,327333,5.008623615546059,-7.371392435226513,2527131,2606523,-3.045896775129166,-
1150911,11508,4402,郡都開發,紡織纖維,9131,1747,971,422.66742987979393,840.3707518022657,22502,16485,36.499848346982105,子公司承攬工程於本月動工，依完工比例法認列收入，使本月收入增加。
1150911,11508,4406,新昕纖,紡織纖維,2184,6939,38044,-68.52572416774751,-94.2592787298917,114130,332215,-65.64574146260705,因應產業趨勢調整經營結構
1150911,11508,4413,飛寶企業,紡織纖維,51467,42343,103236,21.547835533618308,-50.146266806152894,333642,535328,-37.675219678402776,"本公司去年同期承接新客戶訂單致基期較高,本期該客戶未有訂單需求,致營收較去年同期減少。"
1150911,11508,4416,三圓,建材營造,346612,514602,9285,-32.6446457650767,3633.031771674744,3019064,465970,547.9095220722364,出售資產
1150911,11508,4417,金洲,紡織纖維,393133,369401,248411,6.424454725352666,58.25909480659069,2310689,2210600,4.527684791459333,本月適逢漁網汰換期，故出貨量較去年同月增加。
1150911,11508,4419,皇家美食,觀光餐旅,234026,231015,222791,1.3033785684912236,5.042842843741444,1851820,1805231,2.5807777508806353,-
1150911,11508,4420,光明,紡織纖維,86926,82044,76580,5.950465603822339,13.510054844606946,647132,690890,-6.333569743374488,-
1150911,11508,4430,耀億,其他,205507,205483,156040,0.011679798328815522,31.70148679825686,1554224,1413939,9.921573702967384,-
1150911,11508,4432,銘旺實,紡織纖維,103449,96917,95937,6.739787653352869,7.830138528409268,649313,763614,-14.968426456298602,-
1150911,11508,4433,興采,紡織纖維,167657,325377,307771,-48.47300208681007,-45.52540687719116,1604650,1974574,-18.73437004639988,-
1150911,11508,4442,竣邦-KY,紡織纖維,223990,134896,96831,66.04643577274345,131.32054817155662,1368742,1034460,32.31463758869362,主係本期新開發產品陸續出貨，並受惠既有客戶訂單需求增加，致本期營業收入較去年同期成長。
1150911,11508,4502,健信,電機機械,135631,118612,76074,14.348463899099585,78.28824565554592,826764,608564,35.85489775931537,去年度受關稅影響致營收下降
1150911,11508,4503,金雨,電機機械,24768,17567,75521,40.99163203734275,-67.20382410190543,385513,449000,-14.139643652561247,主要客戶採購合約到期不續約，提貨需求減少所致。
1150911,11508,4506,崇友,電機機械,480763,486652,544142,-1.21010496206735,-11.647511127610072,4363184,4209881,3.641504356061371,上列為本公司自結數
1150911,11508,4510,高鋒,電機機械,191491,186015,137738,2.943848614359057,39.02554124497234,1282633,989873,29.575511201942067,-
1150911,11508,4513,福裕,電機機械,107888,109845,90837,-1.7816013473530885,18.770985391415394,1545970,662421,133.38179194198253,處分不動產-新光段完成過戶入帳造成營收爆增
1150911,11508,4523,永彰,電機機械,134657,67130,39311,100.59138984060777,242.54279972526774,782435,407657,91.93464113212823,主係本年專案結案及工程收入認列所致。
1150911,11508,4527,方方土霖,電機機械,228211,282229,178380,-19.13977656442109,27.935306648727437,1832554,1651265,10.978795045010946,-
1150911,11508,4528,江興鍛,電機機械,112013,127393,113231,-12.07287684566656,-1.0756771555492755,953254,1015081,-6.090843981908833,-
1150911,11508,4529,淳紳,其他,2068,3015,484,-31.40961857379768,327.27272727272725,14908,3623,311.48219707424784,"115/3月起加計子公司萊陽, 115/4月起加計金萊陽, 致營收增加."
1150911,11508,4530,天意能創,觀光餐旅,31643,32513,27258,-2.6758527358287454,16.087020324308458,237859,217139,9.542274764091204,係為本公司自結數
1150911,11508,4533,協易機,電機機械,344232,404373,328044,-14.872654702465297,4.93470388118667,2654090,2726865,-2.6688156546070303,-
1150911,11508,4534,慶騰,電機機械,94266,116476,67604,-19.0683059170988,39.43849476362345,700963,524723,33.58724507978496,-
1150911,11508,4535,至興,電機機械,201319,221374,222294,-9.059329460550924,-9.435702268167383,1681654,1732368,-2.9274380501140636,-
1150911,11508,4538,大詠城,電機機械,31535,38556,34944,-18.209876543209877,-9.755608974358974,261182,247947,5.337834295232449,-
1150911,11508,4541,晟田,其他,174838,194527,141487,-10.121474139836629,23.571776912366506,1369892,1031949,32.748033090782585,-
1150911,11508,4542,科嶠,電子零組件業,123942,116044,42064,6.806039088621557,194.65100798782808,794983,515798,54.126809332335526,營收較去年同期顯著成長，主因前期出貨機台於本期陸續完成驗收認列，加上整體接單與出貨動能維持穩健。
1150911,11508,4543,萬在,電機機械,70265,72665,55187,-3.3028280465148283,27.32165183829525,628985,516430,21.794822144337083,-
1150911,11508,4549,桓達,電機機械,102730,112179,97224,-8.42314515194466,5.66321072986094,787626,846837,-6.992018534853814,-
1150911,11508,4550,長佳,電機機械,84331,57960,70212,45.498619737750175,20.109098159858714,507423,514516,-1.3785771482325138,-
1150911,11508,4554,橙的,其他電子業,43649,44973,43975,-2.943988615391457,-0.7413303013075612,355264,320801,10.742796936418527,-
1150911,11508,4556,旭然,其他,64451,85038,54284,-24.209177073778783,18.729275661336676,493331,422213,16.84410475281434,-
1150911,11508,4558,寶緯,電機機械,181337,199469,155593,-9.09013430658398,16.54573149177662,1266629,1088768,16.33598709734305,-
1150911,11508,4561,健椿,電機機械,107857,125967,70784,-14.37678122047838,52.37483047016275,797348,647989,23.0496196694697,本月營收及本年累計營收較去年同期增加係因出貨量增加所致
1150911,11508,4563,百德,電機機械,259726,171855,201008,51.130895231445116,29.211772665764546,1721802,1895807,-9.178413203453728,-
1150911,11508,4568,科際精密,電機機械,89979,128710,90436,-30.09167896822314,-0.5053297359458623,816657,785397,3.980152712577206,-
1150911,11508,4577,達航科技,其他電子業,73565,96544,64529,-23.801582698044417,14.003006400223155,624015,416844,49.69988772778306,"本期累計較去年同期變動 49.70%，主係設備產銷較去年同期增加 150,456仟元所致。"
1150911,11508,4580,捷流閥業,電機機械,213490,205169,178358,4.055680926455751,19.69746240706893,1585903,1516667,4.565009985712091,-
1150911,11508,4584,君帆,電機機械,115067,103636,114225,11.029950982284149,0.7371416064784416,757556,919104,-17.576683378594804,-
1150911,11508,4609,唐鋒,居家生活,10674,12096,44015,-11.755952380952381,-75.74917641713053,92632,122237,-24.219344388360316,依客戶交期出貨致使本期較上期減少
1150911,11508,4702,中美實,居家生活,10608,402,7620,2538.805970149254,39.21259842519685,47818,51543,-7.226975534990203,-
1150911,11508,4706,大恭,化學工業,102555,95163,86648,7.767724851045049,18.358184839811653,790309,695229,13.676069323920608,-
1150911,11508,4707,磐亞,化學工業,73027,101293,135858,-27.90518594572182,-46.2475525916766,791482,927948,-14.706211986016458,-
1150911,11508,4711,永純,化學工業,72137,70668,59174,2.0787343635025755,21.906580592827932,574964,482705,19.112915756000042,-
1150911,11508,4714,永捷,化學工業,191959,149459,134285,28.435892117570706,42.9489518561269,1525951,937275,62.80718038996026,原因：主要是增加營建收入及子公司合併營收增加所致
1150911,11508,4716,大立,化學工業,57166,44288,46212,29.077854046242773,23.703799878819353,366742,360279,1.7938875149536886,-
1150911,11508,4721,美琪瑪,化學工業,264986,220002,153753,20.447086844665048,72.34525505193395,2059753,1798080,14.552911995016906,電池及先進材料訂單增加所致
1150911,11508,4726,永昕,生技醫療業,105857,85963,45738,23.14251480288031,131.44212689667236,591727,432054,36.956723002217316,本公司以提供CDMO技術服務為主，收入係以滿足履約義務時認列，本月完成履約義務較去年同期增加。
1150911,11508,4728,雙美,生技醫療業,223159,221485,149954,0.7558073910197078,48.818304279979195,1627730,1312203,24.04559355526546,-
1150911,11508,4729,熒茂,光電業,95694,98129,80557,-2.481427508687544,18.790421688990403,721500,713842,1.072786414920949,-
1150911,11508,4735,豪展,生技醫療業,101957,114761,82519,-11.15710040867542,23.55578715204983,704771,614425,14.7041542905969,-
1150911,11508,4741,泓瀚,化學工業,32722,52442,38453,-37.60344761832119,-14.903908667724235,365492,316144,15.609342578065691,-
1150911,11508,4743,合一,生技醫療業,5913,8679,9758,-31.870031109574835,-39.40356630457061,91119,78993,15.350727279632373,-
1150911,11508,4744,皇將,生技醫療業,90637,37207,67342,143.6020103743919,34.59208220724065,558790,773609,-27.76842048114745,-
1150911,11508,4745,合富-KY,生技醫療業,226372,245525,260957,-7.800834945524896,-13.253141322133532,2027884,2112995,-4.027979242733656,本公司2026年1-8月合併營業收入較去年同期下降4.03%，相較去年對比前年同期下降23.68%，年減幅收斂19.65%，有顯著改善。
1150911,11508,4747,強生*,生技醫療業,45817,54470,45339,-15.885808702037819,1.0542799797084188,393423,374406,5.079245524911459,-
1150911,11508,4749,新應材,半導體業,484959,414991,341633,16.86012467740264,41.953207096504144,3378370,2792326,20.987664047822495,-
1150911,11508,4754,國碳科,化學工業,57260,62188,51700,-7.924358397118415,10.754352030947775,470660,440215,6.915938802630532,-
1150911,11508,4760,勤凱科技,其他電子業,305090,269740,159285,13.105212426781344,91.53718178108421,1913070,1155707,65.53244031575477,本月較去年同月份出貨量增加
1150911,11508,4767,誠泰科技,化學工業,70562,75468,80919,-6.500768537658345,-12.799218972058478,607100,681809,-10.957467560563149,-
1150911,11508,4768,晶呈科技,化學工業,130197,105060,67419,23.92632781267847,93.11618386508255,1056471,466724,126.35883305765292,本月營收較去年同期增加乃因客戶需求增加
1150911,11508,4772,台特化,化學工業,323880,324218,272422,-0.10425084356821644,18.88907650630272,2398035,842590,184.6028317449768,合併弘潔科技營業收入
1150911,11508,4804,大略-KY,觀光餐旅,316,408,12766,-22.54901960784314,-97.52467491775027,1391,83707,-98.33825128125486,上海地區遭無權移轉失去實質控制力
1150911,11508,4806,桂田文創,文化創意業,9956,11713,3567,-15.00042687612055,179.11410148584244,124796,45586,173.7594875619708,各業務團隊的整合開始發揮綜效，形塑娛樂產業一條龍的完整服務架構。
1150911,11508,4903,聯光通,通信網路業,70096,88352,145364,-20.662803332126042,-51.77898241655431,975076,882297,10.515620023642832,本月合併營收較去年減少，主係本期公司工程合約收入較去年同期減少所致。
1150911,11508,4905,台聯電,生技醫療業,91839,104164,54590,-11.832302906954418,68.23410881113757,641883,466126,37.705899263289325,本月訂單增加
1150911,11508,4907,富宇,建材營造,29309,69,103696,42376.811594202896,-71.73565036259836,2477286,1701721,45.575332266570136,餘屋出售
1150911,11508,4908,前鼎,通信網路業,97202,98660,75390,-1.4778025542266369,28.9322191272052,716566,558561,28.287868290124088,-
1150911,11508,4909,新復興,通信網路業,15980,16683,28462,-4.213870407001139,-43.85496451408896,136138,219880,-38.08531926505366,-
1150911,11508,4911,德英,生技醫療業,11564,11290,25889,2.4269264836138174,-55.33238054772297,89514,213952,-58.1616437331738,公司行銷團隊建置中
1150911,11508,4923,力士,半導體業,108061,120061,83912,-9.994919249381564,28.77895890933359,743890,572038,30.042060142857643,-
1150911,11508,4924,欣厚-KY,綠能環保,70400,69044,81447,1.9639650078210995,-13.563421611600182,538605,512440,5.105963625009757,-
1150911,11508,4931,新盛力,電腦及週邊設備業,495100,449435,219200,10.160534893811118,125.86678832116789,2849173,1512553,88.36847369976456,因資料中心需求上升，故本月及本年累計營收較去年同期增加。
1150911,11508,4933,友輝,光電業,157828,190523,245216,-17.160657768353428,-35.63715255122015,1764725,2040917,-13.532740429914591,-
1150911,11508,4939,亞電,電子零組件業,173881,168175,119581,3.3928943065259403,45.40855152574406,1091302,930416,17.291835050128114,-
1150911,11508,4946,辣椒,文化創意業,20423,35160,32157,-41.91410693970421,-36.48972229996579,209001,261394,-20.043688837540266,-
1150911,11508,4950,金耘國際,鋼鐵工業,127863,124411,77553,2.7746742651373273,64.87176511546942,892313,690122,29.29786327634824,市場需求回溫，營收較去年增加達50%以上
1150911,11508,4951,精拓科,半導體業,48800,45429,47305,7.42037024807942,3.1603424585138993,361336,359784,0.43136993307095367,-
1150911,11508,4953,緯致,資訊服務業,1246449,1273547,984208,-2.1277581432016253,26.644875879895306,9542380,7303444,30.655893301844994,-
1150911,11508,4966,譜瑞-KY,半導體業,1326834,1353309,1323747,-1.9563159633165819,0.23320166164682526,10920138,10992196,-0.6555378015457511,-
1150911,11508,4971,IET-KY,半導體業,106034,105081,79705,0.9069194240633416,33.0330594065617,799278,663362,20.4889637935245,-
1150911,11508,4972,湯石照明,光電業,77732,87973,63394,-11.641071692451092,22.617282392655458,664078,606268,9.535386990571826,-
1150911,11508,4973,廣穎電通,半導體業,1001531,1008161,329420,-0.6576330566248844,204.02859571367858,6533523,2769771,135.88675742507232,本月營收較去年同期增加係因市場價格上漲所致
1150911,11508,4974,亞泰,電子零組件業,428660,385056,307175,11.324067148674478,39.54911695287702,2823214,2746475,2.794090607050856,-
1150911,11508,4979,華星光,通信網路業,545866,508777,397141,7.289834249582823,37.44891612802506,3537229,2939879,20.318863463428258,-
1150911,11508,4991,環宇-KY,半導體業,262258,145446,180101,80.31296838689273,45.61718147039716,1894097,1301198,45.565624908737945,-
1150911,11508,4995,晶達,光電業,124241,141754,84441,-12.354501460276254,47.13350149808742,974148,816239,19.345926867008316,-
1150911,11508,5009,榮剛,鋼鐵工業,1077050,1109543,775425,-2.928502996278648,38.89802366444208,8277759,7822082,5.825520622258882,-
1150911,11508,5011,久陽,鋼鐵工業,277979,264441,405080,5.119478446988175,-31.376765083440308,2719341,3626746,-25.0198111475135,-
1150911,11508,5013,強新,鋼鐵工業,789095,833363,639729,-5.31197089383618,23.34832405596745,5769395,5085914,13.438705412635763,-
1150911,11508,5014,建錩,鋼鐵工業,1542669,1664278,1191931,-7.307012410186279,29.42603221159614,11253529,9555201,17.7738594928563,-
1150911,11508,5015,華祺,鋼鐵工業,132290,136717,118815,-3.238075733083669,11.341160627866852,869454,1070340,-18.76842872358316,-
1150911,11508,5016,松和,鋼鐵工業,173491,187738,166441,-7.588767324675878,4.235735185441087,1471851,1384875,6.280422420796101,-
1150911,11508,5201,凱衛,資訊服務業,36695,27759,20452,32.19136136027955,79.42010561314297,186120,200638,-7.235917423419292,"因本月工程專案結案金額較高及子公司營收增加,導致本月營收增加百分比達50%以上。"
1150911,11508,5202,力新,資訊服務業,9750,12597,7731,-22.60061919504644,26.115638339154057,91424,102283,-10.616622508139182,-
1150911,11508,5205,中茂,綠能環保,7446,605,274,1130.7438016528927,2617.5182481751826,24292,12470,94.80352846832398,係因本期環保綠能收入較同期增加
1150911,11508,5206,坤悅,建材營造,894248,0,-34,,2630241.1764705884,3179072,3756636,-15.3744999515524,本期營業收入較去年增加，主要係因本期「坤悅禮御」完工交屋過戶認列收入所致。
1150911,11508,5209,新鼎,其他,781310,381127,406553,104.9999081670939,92.1791254768751,2934179,3333106,-11.968626260310954,工程依專案進度認列收入
1150911,11508,5210,寶碩,資訊服務業,20809,25015,19256,-16.813911653008194,8.065018695471542,177566,168349,5.474935996055812,-
1150911,11508,5211,蒙恬,資訊服務業,27162,28853,21022,-5.860742383807576,29.20749690800114,184948,135779,36.212521818543365,-
1150911,11508,5212,凌網,資訊服務業,115547,93840,92603,23.131926683716966,24.776735094975326,711400,698664,1.822907721021836,-
1150911,11508,5213,亞昕,建材營造,119623,279577,165435,-57.212860857652814,-27.69184271768368,5011993,10946227,-54.21259763752387,認列1個工案、餘屋及租金收入
1150911,11508,5220,萬達光電,光電業,85752,87471,49701,-1.9652227595431628,72.53576386793023,706266,505390,39.746730247927346,新客戶導入量產及產品線組合多元化
1150911,11508,5223,安力-KY,電腦及週邊設備業,182494,198835,171300,-8.21837201699902,6.534734384121425,1308349,1289188,1.4862843898640075,-
1150911,11508,5227,立凱-KY,電子零組件業,1675,1340,11544,25.0,-85.49029799029799,61561,320828,-80.81183687209345,更新產品與生產線
1150911,11508,5228,鈺鎧,電子零組件業,71765,78793,42153,-8.919574073839046,70.24885536023534,532292,342089,55.60044315952866,市場景氣復甦
1150911,11508,5230,雷笛克光學,光電業,134206,130024,111445,3.2163292930535903,20.423527300462112,921939,850203,8.437514334811803,-
1150911,11508,5245,智晶,光電業,77615,81110,52921,-4.308963136481322,46.66200563103494,546038,548960,-0.532279218886622,-
1150911,11508,5251,天鉞電,光電業,22218,17907,20255,24.074384318981405,9.691434213774377,225284,209699,7.432081221178928,-
1150911,11508,5263,智崴,文化創意業,349487,202279,110401,72.77473192966151,216.5614441898171,1408083,785335,79.29711524381315,營收增加原因：因併入Flyover Attractions B.V.營收。
1150911,11508,5272,笙科,半導體業,33794,33967,21431,-0.5093178673418318,57.68746208763007,228452,236654,-3.465819297370845,去年同期因客戶庫存調節，比較基期較低，致本月營收增加百分比達50%以上
1150911,11508,5274,信驊,半導體業,1625937,1524018,744425,6.6875194387467864,118.41515263458373,10168121,5827382,74.48866403472434,本月及本年增減百分比達50%以上者，主係伺服器晶片營收較去年同期成長所致。
1150911,11508,5276,達輝-KY,其他,83738,103475,78097,-19.074172505436096,7.223068747839226,690134,607923,13.523258702171162,-
1150911,11508,5278,尚凡*,數位雲端,258954,250132,206744,3.526937776853821,25.25345354641489,1905048,1601720,18.937642034812576,-
1150911,11508,5287,數字,數位雲端,205379,199085,200747,3.1614636964110807,2.3073819284970636,1540718,1561159,-1.3093477345997429,-
1150911,11508,5289,宜鼎,電腦及週邊設備業,8680123,8494810,1283486,2.1814849302103285,576.2927682888633,52800952,8084015,553.1525733190747,本月營收及本年累計營收較去年同期增加係因出貨量增加及銷售單價上漲所致
1150911,11508,5291,邑昇,電子零組件業,144890,185331,89763,-21.82095817753101,61.4139456123347,1043804,716013,45.78003472004,主要為客戶需求增加所致。
1150911,11508,5299,杰力,半導體業,119505,121937,123503,-1.9944725554999714,-3.237168327894869,1031215,1066290,-3.289442834500933,-
1150911,11508,5301,寶得利,觀光餐旅,3241,3365,16484,-3.6849925705794946,-80.33851007037127,99051,139387,-28.93813626808813,"子公司受地緣政治影響,致使營收下滑。"
1150911,11508,5302,太欣,半導體業,1231,4137,1912,-70.24413826444284,-35.61715481171548,18834,11717,60.74080396005804,今年累計營收成長係提供技術服務予關係人。
1150911,11508,5309,系統電,電子零組件業,327559,319017,256804,2.6776002532780385,27.55214093238423,2416973,2209809,9.37474686726319,-
1150911,11508,5310,天剛,資訊服務業,171,7,245,2342.8571428571427,-30.20408163265306,501,676,-25.88757396449704,-
1150911,11508,5312,寶島科,生技醫療業,378945,392998,361430,-3.57584516969552,4.846028276568076,3008990,2690029,11.857158417251263,單月及累計營收創同期歷史新高
1150911,11508,5314,世紀*,其他,465313,552778,229759,-15.822807709424037,102.52220805278574,3886321,1545846,151.4041502193621,本月主要成長係生技產品營收增加及子公司營收增加，致本月及本年度營收較去年同期增加。
1150911,11508,5315,光聯,光電業,131249,143294,175216,-8.40579507864949,-25.0930280339695,1198852,1314427,-8.79280477348685,-
1150911,11508,5321,美而快,數位雲端,354562,169731,262795,108.89643023372277,34.91961414790997,1633533,1939392,-15.770870458370458,-
1150911,11508,5324,士開,建材營造,52812,48281,54618,9.384644062881879,-3.3066022190486652,581975,559510,4.015120373183678,-
1150911,11508,5328,華容,電子零組件業,99782,99219,77784,0.5674316411171247,28.28088038671192,723028,576296,25.4612213168233,-
1150911,11508,5340,建榮,電子零組件業,284845,272928,192761,4.366353030835971,47.7710740243099,1893108,1481304,27.800100452034155,-
1150911,11508,5344,立衛,半導體業,30342,32398,27884,-6.346070745107722,8.81509109166547,248324,220015,12.866849987500853,-
1150911,11508,5345,馥鴻,其他,2236,2685,2554,-16.722532588454378,-12.45105716523101,26372,6331,316.5534670668141,主係結合經銷商銷售動能並加速存貨去化，致營收較去年同期增加。
1150911,11508,5347,世界,半導體業,5092599,4705722,3625233,8.22141639476365,40.47646040957919,36574795,30886681,18.416073905771878,-
1150911,11508,5348,正能量智能,運動休閒,25014,26613,28408,-6.008341787848044,-11.947338777809067,193300,162470,18.97581091893888,-
1150911,11508,5351,鈺創,半導體業,2260221,2125060,361453,6.360338061042983,525.3153245373534,12019379,2040914,488.92138522250326,本月營收及本年累計營收皆較去年同期增加，主係市場需求增加所致。
1150911,11508,5353,台林,通信網路業,165356,172753,157196,-4.281835916018824,5.190971780452429,1265639,1192979,6.090635291987537,-
1150911,11508,5355,佳總,電子零組件業,62169,69023,30573,-9.930023325558148,103.3460896869787,417785,306958,36.10493943796871,營業額增加主要為原物料價格上漲而調漲產品售價，終端客戶預期產品售價持續走高而提前拉貨，帶動出貨量與營收的成長。
1150911,11508,5356,協益,電腦及週邊設備業,388919,430233,290545,-9.60270365127733,33.858438451874925,2591507,2234595,15.972111277435062,-
1150911,11508,5364,力麗店,觀光餐旅,6732,8860,34701,-24.018058690744923,-80.599982709432,91272,218957,-58.31510296542243,主係因調整旗下飯店營運結構，結束花蓮分公司及子公司力麗明池合作經營，致使力麗觀光及子公司合併營收下降所致。
1150911,11508,5381,光譜,電機機械,131129,242713,204466,-45.973639648473714,-35.8675770054679,1344118,1536868,-12.541740735053368,-
1150911,11508,5386,青雲,電腦及週邊設備業,4548288,1992270,233700,128.2967670044723,1846.2079589216944,21687550,2989328,625.4991757344794,本期及累計營收增加主要係記憶體模組、顯卡及伺服器銷售成長所致
1150911,11508,5392,能率,光電業,771157,852452,669730,-9.536607339768103,15.144461200782406,6067104,5682960,6.759575995607922,-
1150911,11508,5398,慕康生醫,其他,28822,12630,24923,128.20269200316707,15.644184086987924,109758,149034,-26.353717943556504,-
1150911,11508,5403,中菲,資訊服務業,287867,301682,229742,-4.579325249766311,25.30011926421812,2227548,2167237,2.782852083090128,-
1150911,11508,5410,國眾,資訊服務業,226300,406263,510011,-44.29716710603722,-55.6284080147291,3950127,2980230,32.54436738104106,本月營收較去年同期大幅減少，主要係本月專案收入減少所致。
1150911,11508,5425,台半,半導體業,1714148,1730537,1400066,-0.947047072671662,22.43337099822437,12915166,12014778,7.494004466832429,-
1150911,11508,5426,振發,電腦及週邊設備業,193922,224969,132946,-13.800568078268562,45.86523851789448,1422218,1178888,20.640637617822897,-
1150911,11508,5432,新門,綠能環保,18639,23027,17981,-19.055890910670083,3.6594182748456703,133371,127921,4.260441991541654,-
1150911,11508,5438,東友,電腦及週邊設備業,102441,95856,79212,6.869679519278918,29.325102257233752,573893,917743,-37.46691611921856,-
1150911,11508,5439,高技,電子零組件業,1108099,1050323,1052950,5.500784044527255,5.237570634882948,7749508,5770565,34.29374766595645,-
1150911,11508,5443,均豪,半導體業,620014,837103,542052,-25.933367817341473,14.382752946211802,3629283,3001106,20.93151658088718,-
1150911,11508,5450,南良,其他,209183,249747,190330,-16.242036941384683,9.905427415541428,1801787,1616767,11.443825857405551,-
1150911,11508,5452,佶優,其他電子業,453595,442343,398218,2.5437273789796606,13.906202130491339,3344957,3414156,-2.026825956400352,-
1150911,11508,5455,昇益,建材營造,29872,198,4620,14986.868686868687,546.5800865800866,38085,2030552,-98.12440164053912,本年營收較去年減少係因去年個案交屋認列收入，且交屋量體較大，故與去年同期營收相比較變動減少幅度較大。
1150911,11508,5457,宣德,電子零組件業,1882890,2015669,2323368,-6.587341473227995,-18.958598035266046,14509675,15253079,-4.873796300405971,-
1150911,11508,5460,同協,電子零組件業,31652,21991,18345,43.93160838524851,72.53747615153993,187510,157083,19.370014578280273,"營收變動超50%主因，除了 114年8月 營收較少因此基期較低外, 115年8月份有部分高單價產品訂單開始出貨，因此營收增加。"
1150911,11508,5464,霖宏,電子零組件業,94350,100839,78916,-6.435010263885997,19.557504181661514,812554,625927,29.81609676527774,-
1150911,11508,5465,富驊,電腦及週邊設備業,410577,375293,429320,9.401720788823665,-4.365741172086089,2790822,4067010,-31.379022918556878,-
1150911,11508,5468,凱鈺,半導體業,24970,9304,7501,168.37919174548583,232.88894814024798,117899,70977,66.108739450808,係因本月有認列交屋收入
1150911,11508,5474,聰泰,電腦及週邊設備業,126434,166451,190180,-24.04130945443404,-33.51877168997792,977829,1013384,-3.508541678179249,-
1150911,11508,5475,德宏,電子零組件業,254708,229336,68492,11.06324345065755,271.8799275827834,1318517,494216,166.78962235136055,市場價格及需求數量上漲
1150911,11508,5478,智冠,文化創意業,556614,552538,516314,0.7376868197300457,7.805327765661981,4706034,4199212,12.069454935830818,因IFRS15，MyCard屬代理性質營收採淨額，若總額本期為31.45億，較上期減少1.66%，較去年同期增加37.26%
1150911,11508,5481,新華,其他,10053,8602,10377,16.868170192978376,-3.1222896790980053,61768,67003,-7.8130829962837485,-
1150911,11508,5483,中美晶,半導體業,6716682,6997671,6014229,-4.015464573856073,11.679851232801411,54215496,51097512,6.102027041942864,-
1150911,11508,5487,通泰,半導體業,14121,15820,10960,-10.739570164348926,28.84124087591241,111895,111792,0.09213539430370689,-
1150911,11508,5488,松普,電子零組件業,75655,85256,72186,-11.261377498357886,4.805640983016097,644023,479037,34.441180952619526,-
1150911,11508,5489,彩富,其他電子業,167718,176330,142687,-4.884024272670561,17.542593228535186,1256866,1101887,14.064872350794591,-
1150911,11508,5490,同亨,電腦及週邊設備業,109488,140713,117435,-22.19055808631754,-6.767147783880445,1149595,965722,19.039951456009078,-
1150911,11508,5493,三聯,其他電子業,650717,547645,450216,18.820951528818853,44.534401265170494,4285058,3526521,21.509499021840504,-
1150911,11508,5498,凱崴,電子零組件業,231281,226252,123334,2.2227427823842443,87.52412149123518,1487842,871145,70.79154446159939,主係鑽針收入成長，因AI產品暢旺，對鑽針的消耗大幅增加，鑽針需求量及價格皆有所提升。
1150911,11508,5508,永信建,建材營造,318829,275059,43458,15.912949585361686,633.6485802383911,2324915,1451343,60.19059588257221,營收隨完工案量多寡而變化乃屬建設業特性，故本期及本年業績大幅成長尚屬合理。
1150911,11508,5511,德昌,建材營造,998851,1048103,973675,-4.699156476033367,2.5856677022620485,7395587,6633181,11.493821742539515,-
1150911,11508,5512,力麒,建材營造,425192,762231,462079,-44.217435396881,-7.982834104125052,4151721,4004388,3.6792888201642797,-
1150911,11508,5514,三豐,建材營造,2021,1528,482,32.26439790575916,319.29460580912865,677157,3854,17470.23871302543,本月營收因認列委建收入，致使較去年同期增加。本年累計營收因委建及三豐AIT完工認列收入，致使本年累計營收較去年同期增加。
1150911,11508,5516,雙喜,建材營造,285220,188981,200203,50.92522528719818,42.46539762141426,1712316,1212425,41.230674062313135,-
1150911,11508,5520,力泰,建材營造,378352,365849,366894,3.417530183217666,3.12297284774349,2676689,2758155,-2.9536411115401418,-
1150911,11508,5523,豐謙,建材營造,375,377,370,-0.5305039787798409,1.3513513513513513,3012,3762,-19.936204146730464,本月營收僅認列租賃收入所致
1150911,11508,5529,鉅陞,建材營造,139924,31292,3680,347.15582257445993,3702.282608695652,741564,59377,1148.9078262626942,增減百分比達50％之原因：主係因本年認列交屋收入
1150911,11508,5530,龍巖,其他,304785,346190,271820,-11.96019526849418,12.127510852770216,2699302,2940258,-8.195063154321831,-
1150911,11508,5536,聖暉*,其他電子業,4878663,3885491,3375272,25.561042349602662,44.54132881735161,33748553,26596497,26.890969889756533,-
1150911,11508,5543,桓鼎-KY,建材營造,227256,273764,211978,-16.988354933446328,7.2073517063091455,2141825,2049112,4.524545266437364,-
1150911,11508,5547,久舜,建材營造,309920,220229,163543,40.72624404597033,89.50367793179775,1745531,1444250,20.860723558940627,興建工程投入較去年同期增加所致。
1150911,11508,5548,安倉,建材營造,184109,243174,162454,-24.28919210112923,13.329927240942052,1736886,1533904,13.23303153261221,-
1150911,11508,5601,台聯櫃,航運業,8216,7686,7972,6.8956544366380434,3.0607124937280483,62712,61651,1.7209777619178928,-
1150911,11508,5603,陸海,航運業,118009,118002,106621,0.005932102845714479,10.680822727230096,946313,921098,2.737493730308827,-
1150911,11508,5604,中連,其他,13855,13520,13314,2.477810650887574,4.063391918281508,109225,105532,3.49941250047379,-
1150911,11508,5609,中菲行,航運業,3415327,3269476,2456161,4.460990079144181,39.0514302604756,23267673,19238778,20.941532773027475,-
1150911,11508,5701,劍湖山,觀光餐旅,53860,42291,57848,27.355702158851766,-6.893928917162218,323508,349792,-7.514179855456957,-
1150911,11508,5703,亞都麗緻,觀光餐旅,38791,28013,30283,38.47499375290044,28.094970775682725,318651,274408,16.123072213638086,-
1150911,11508,5704,老爺知,觀光餐旅,625,843,32655,-25.86002372479241,-98.08605114071352,103165,191223,-46.04989985514295,因本公司自115年3月起，暫停營業進行整修工程。
1150911,11508,5864,致和證,金融業,599176,-974304,281413,161.49784872072783,112.91695834947213,4850258,366012,1225.1636558364207,主要係營業證券評價故
1150911,11508,5878,台名,金融業,61717,75226,66080,-17.957886900805573,-6.602602905569007,581742,579629,0.36454352698018905,-
1150911,11508,5902,德記,居家生活,219889,215040,181853,2.2549293154761907,20.915794625329248,1524289,1581682,-3.628605497185907,-
1150911,11508,5903,全家,居家生活,9922451,10173000,9602109,-2.46288213899538,3.336162920041837,77081581,72020928,7.0266423115236725,-
1150911,11508,5904,寶雅*,居家生活,2465114,2471748,2234511,-0.2683930562500708,10.320065553492464,18963841,16648142,13.909654302564213,-
1150911,11508,5905,南仁湖,觀光餐旅,151638,167415,128474,-9.423886748499239,18.030107259056308,2242634,691805,224.17140668251892,本公司建案已完工，陸續交屋入帳。
1150911,11508,6015,宏遠證,金融業,587691,-192974,244367,404.544135479391,140.4952387188123,2790729,796264,250.4778565902766,本月及本期因經紀手續費收入及部位操作評價損益均較去年同期增加所致.
1150911,11508,6016,康和證,金融業,2727083,-2015901,864669,235.27861735273706,215.39039794418443,7374276,2227934,230.99167210518803,主係自營交易利益較去年同期增加。
1150911,11508,6020,大展證,金融業,58662,-142681,88459,141.11409367750437,-33.684531816999964,898865,156523,474.2702350453288,自營部門營業證券出售淨利益本年累積淨利益較去年同期增加
1150911,11508,6021,美好證,金融業,184117,94130,286418,95.59864017847657,-35.717378097745254,3243464,960515,237.67968225379093,主係本年營業證券評價利益相較去年上升，故營業收入增加。
1150911,11508,6023,元大期貨,金融業,344450,513559,280825,-32.92883582996306,22.65645864862459,3336963,2342863,42.4309914834969,-
1150911,11508,6026,福邦證,金融業,217362,45116,65514,381.78473268906816,231.77946698415604,1221024,451564,170.39888033589924,本月(年)較同期增232%(170%)係股票出售及評價之差異，致綜合淨利達10.98E(EPS$+2.77)較同年+9.42E(+603%)，僅供參考。
1150911,11508,6028,公勝保經,金融業,521574,515132,356784,1.2505532562527664,46.18760930983452,4115106,3108076,32.4004303627067,-
1150911,11508,6101,寬魚國際,文化創意業,30252,99816,145725,-69.69223371002644,-79.24034997426659,1117993,774250,44.39690022602519,本期營收較去年同期減少，係因去年同期有數場演唱會的收入認列之故，然本年度累計營收已較去年度成長近45%，營運狀況正常
1150911,11508,6103,合邦,半導體業,4150,5329,8685,-22.124225933571026,-52.21646516983304,51963,62413,-16.7433066829026,主要係銷售部分久滯商品後產生相關折讓，致本月營業收入較去年同期減少52.22%
1150911,11508,6104,創惟,半導體業,319894,337913,309465,-5.332437639274015,3.370009532580421,2773075,2751942,0.7679304287663039,-
1150911,11508,6109,亞元,通信網路業,69020,75544,59691,-8.636026686434397,15.628821765425274,571056,475968,19.97781363453005,-
1150911,11508,6111,光聚晶電,文化創意業,1034503,1149419,973016,-9.99774668767438,6.319217772369622,8352964,3876083,115.50013247910326,新增子公司光罩(股票代號:2338)營收
1150911,11508,6113,亞矽,電子通路業,109073,120638,47340,-9.586531606956349,130.4034643008027,724574,420540,72.2960954962667,產品需求增加所致
1150911,11508,6114,久威,電子零組件業,52598,81626,70264,-35.56219831916301,-25.142320391665717,551586,639258,-13.714650422833973,-
1150911,11508,6118,建達,電子通路業,1094117,1004094,843977,8.965594854665001,29.63824843568012,6918813,6449184,7.281991023980709,-
1150911,11508,6121,新普,電腦及週邊設備業,6752335,7106470,6452555,-4.983275803598692,4.645911580761419,53245008,50783041,4.848010185132473,-
1150911,11508,6122,擎邦,電機機械,390014,347671,343346,12.179042830722148,13.592119902372534,2612897,2617997,-0.1948054180352384,-
1150911,11508,6123,上奇,資訊服務業,528124,416973,545535,26.656642036774564,-3.191545913644404,3168498,3407795,-7.022047981172577,-
1150911,11508,6124,業強,電子零組件業,139381,182228,131933,-23.512852031520953,5.645289654597409,1267046,1285718,-1.4522624712417498,-
1150911,11508,6125,廣運,電機機械,339026,365339,344163,-7.202351788339049,-1.4926067008946342,2562886,2018987,26.93920267936346,-
1150911,11508,6126,信音,電子零組件業,516739,552658,328605,-6.499317842137452,57.25232421904718,3982448,2580609,54.322022437339406,本期營收成長幅度較大，主要係去年底完成併購東莞國聯電子有限公司 80% 股權，並自115年1月起認列其營收所致。
1150911,11508,6127,九豪,電子零組件業,107429,93620,82839,14.750053407391583,29.684085998140972,716540,679378,5.470003444327017,以上資訊係屬初步自行結算完成，未經會計師簽證或核閱
1150911,11508,6129,普誠,半導體業,129236,124407,89997,3.8816143786121358,43.60034223363001,979020,692375,41.40025275320455,"本月營業收入淨額含少數股權2,527仟元，本年累計營業收入淨額含少數股權35,191仟元。"
1150911,11508,6130,上亞科技,生技醫療業,13420,22411,13237,-40.1186917138905,1.3824884792626728,124800,103273,20.84475129026948,-
1150911,11508,6134,萬旭,電子零組件業,239959,231601,197130,3.6087927081489286,21.72627200324659,1685088,1196565,40.82711762419927,-
1150911,11508,6138,茂達,半導體業,665278,700098,649073,-4.973589411768066,2.4966375122674953,5408091,4886651,10.670702695977266,-
1150911,11508,6140,訊達電腦,資訊服務業,181217,288991,164189,-37.29320290251253,10.370974913057513,1354939,1582785,-14.39525898969222,-
1150911,11508,6143,振曜,通信網路業,674378,722533,774848,-6.664747492502072,-12.966414057982986,5709003,5121275,11.476204656067093,-
1150911,11508,6144,得利影,文化創意業,14381,12454,14807,15.472940420748355,-2.877017626798136,102863,112620,-8.663647664713196,-
1150911,11508,6146,耕興,其他電子業,415183,415135,375856,0.011562503763835861,10.46331573794219,3264055,2980685,9.506875097502755,-
1150911,11508,6147,頎邦,半導體業,2619692,2522679,1824147,3.8456339470856182,43.611890927650016,17529787,14152410,23.864324168109885,-
1150911,11508,6148,驊宏資,資訊服務業,59218,41885,30306,41.38235645219052,95.40025077542401,343450,526487,-34.765720711052694,本月同期增加原因：係115/8政府機關專案交貨、驗收
1150911,11508,6150,撼訊,電腦及週邊設備業,574719,479412,730008,19.879977973016945,-21.272232633067034,3646216,4959359,-26.478079122725337,-
1150911,11508,6151,晉倫,其他電子業,155707,155384,131303,0.20787211038459558,18.586018598204152,1269371,1135112,11.827819633657295,-
1150911,11508,6154,順發,電子通路業,393985,384814,368797,2.383229300389279,6.829773561064759,2787574,2640237,5.580445997840346,-
1150911,11508,6156,松上,電子零組件業,576555,617622,371596,-6.649212625197936,55.156406419875346,4280050,3426016,24.92790459822721,子公司營收
1150911,11508,6158,禾昌,電子零組件業,172833,168476,152034,2.586125026710036,13.680492521409684,1238227,1222651,1.273953074098823,-
1150911,11508,6160,欣技,電腦及週邊設備業,52676,90464,87551,-41.77131234524231,-39.833925369213375,656647,824627,-20.370422021107725,-
1150911,11508,6161,捷波,電腦及週邊設備業,118805,123135,145539,-3.516465667763024,-18.36895952287703,1041739,865755,20.32722883494753,-
1150911,11508,6163,華電網,資訊服務業,457582,797162,622530,-42.59861859948166,-26.496393748092462,4285392,3371934,27.09003201130271,-
1150911,11508,6167,久正,光電業,82268,96076,94108,-14.371955535201298,-12.581289582182174,791235,785825,0.6884484459008049,-
1150911,11508,6169,昱泉,文化創意業,1214,23,489,5178.260869565217,148.26175869120655,1485,22495,-93.39853300733496,主係遊戲授權收入增減所致
1150911,11508,6170,統振,通信網路業,285197,270405,272389,5.470313048945101,4.702098836590317,2144248,2158290,-0.6506076569877078,-
1150911,11508,6171,大城地產,建材營造,33,34,33020,-2.9411764705882355,-99.90006056935191,138869,1075962,-87.09350330216122,本月及本年累計營收較去年同期減少，係因去年同期「大城二月埕」集中完工交屋所致
1150911,11508,6173,信昌電,電子零組件業,551669,537222,357611,2.68920483524502,54.26510929473646,3488672,2765728,26.13937451549827,主要是AI應用需求增加，致營收成長。
1150911,11508,6174,安碁,電子零組件業,66923,75458,50377,-11.310927933419915,32.84435357405165,506684,401719,26.128960791000676,-
1150911,11508,6175,立敦,電子零組件業,484052,474537,286526,2.005112351618525,68.93824644185868,3493450,2807026,24.453781332983734,因整體產業趨勢向上，銷售單價及數量大幅成長所致
1150911,11508,6179,亞通,其他,808983,1097072,250246,-26.259807925095163,223.27509730425263,5721463,2472577,131.39675731028802,係因本期&#12079;程投&#12042;較去年同期增加所致
1150911,11508,6180,橘子,文化創意業,912976,852478,707734,7.096722730674575,28.999878485419664,6183459,6423178,-3.7320933656205697,-
1150911,11508,6182,合晶,半導體業,1004466,994362,837265,1.0161289349351645,19.9699020023529,7201031,6444102,11.74607416207875,-
1150911,11508,6185,幃翔,電子零組件業,60473,65312,42158,-7.409051935325821,43.443711751031834,474309,351574,34.91014693919345,-
1150911,11508,6186,新潤,建材營造,0,14651,978818,-100.0,-100.0,3874028,9092540,-57.39333563558698,認列建案營收
1150911,11508,6187,萬潤,半導體業,1108737,1054680,546012,5.1254408920241215,103.06092173798378,5929498,3923877,51.11324845299687,因客戶擴產，設備需求較去年同期上升
1150911,11508,6188,廣明,電腦及週邊設備業,594489,681715,748542,-12.795082989225703,-20.580408313761954,5413017,6080615,-10.979119710752942,-
1150911,11508,6190,萬泰科,通信網路業,1061923,1063947,618036,-0.19023503990330345,71.82219158754506,7596398,5857995,29.675733762148994,市場需求成長，出貨量持續增加。
1150911,11508,6194,育富,電子零組件業,84593,73380,115437,15.280730444262742,-26.719336088082677,644345,987174,-34.7283255029002,-
1150911,11508,6195,詩肯,居家生活,190687,198160,184038,-3.7711949939442873,3.61284082635108,1664398,1455344,14.364576347585176,-
1150911,11508,6198,瑞築,建材營造,22,22,22,0.0,0.0,162,147,10.204081632653061,-
1150911,11508,6199,天品,其他,82949,77561,30530,6.946790268304947,171.69669177857844,643056,102432,527.7881911902531,"主係子公司奈科公司較去年本月增加52,207仟元，較去年累計增加403,673仟元;殯葬部份較去年累計增加135,162仟元。"
1150911,11508,6203,海韻電,電子零組件業,158667,149397,233981,6.204943874374988,-32.18808364781756,1319319,1893458,-30.32224638729774,-
1150911,11508,6204,艾華,電子零組件業,35672,46213,30482,-22.80959903057581,17.026441834525293,288482,267658,7.780077561664513,-
1150911,11508,6207,雷科,電子零組件業,137881,112882,101526,22.146134901932992,35.8085613537419,853992,788445,8.313452428514355,-
1150911,11508,6208,日揚,半導體業,363046,356909,336857,1.71948591938001,7.774515595638506,2483751,2442359,1.6947549479826676,-
1150911,11508,6210,慶生,電子零組件業,33824,42873,29518,-21.106523919483124,14.587709194389864,290959,191546,51.90032681444666,訂單增加
1150911,11508,6212,理銘,建材營造,80448,115918,18642,-30.59921668765852,331.5416800772449,747762,1313434,-43.06817091684851,本月營收較去年增加係個案交屋認列收入，累計營收較去年減少，主要係去年度交屋量較多
1150911,11508,6217,中探針,電子零組件業,419111,421657,340751,-0.603808308648973,22.996264134221175,3112987,2320969,34.124454053457846,無
1150911,11508,6218,豪勉,通信網路業,141060,102950,92286,37.01796988829529,52.85091996619205,1044876,891486,17.20610306836002,本月營收較去年同期增加，主要係今年較多專案工程同時完成驗收所致。
1150911,11508,6219,富旺,建材營造,301719,718148,262,-57.98651531439202,115059.92366412214,2294510,7305,31310.13004791239,因建案完工入帳時間差異，本月營業收入及累計營業收入較去年同期產生較大波動。
1150911,11508,6220,岳豐,電子零組件業,986069,985000,586903,0.1085279187817259,68.01226096987067,6859558,5462218,25.581915624751705,主要為去年同期因美國關稅影響，客戶下單趨緩使得營收減少，今年已逐步恢復正常，以及今年度大陸內銷市場營收較為成長所致。
1150911,11508,6221,晉泰,資訊服務業,468987,266051,386075,76.27710476562764,21.475620022016447,2709537,3761132,-27.959534523116975,-
1150911,11508,6222,立軒,光電業,130,112,232,16.071428571428573,-43.96551724137931,1594,2377,-32.94068153134203,-
1150911,11508,6223,旺矽,半導體業,2048171,1805362,1205695,13.449324844546412,69.87471956008775,13019987,8411510,54.78774916750976,本月合併營收較去年同期大幅成長，主要受惠客戶AI 及高效能運算晶片相關測試需求持續強勁，帶動公司出貨動能提升。
1150911,11508,6227,茂綸,電子通路業,3540073,3339960,1316716,5.991478939867544,168.85623019694452,18714442,12360456,51.405757198601734,"因應終端客戶AI雲端機房建置之相關產品出貨需求, 使得本月及累積營收皆比去年同期增長。"
1150911,11508,6228,全譜,電腦及週邊設備業,2348,3649,3857,-35.653603727048505,-39.12367124708322,29221,33871,-13.728558353753948,依客戶訂單出貨
1150911,11508,6229,研通,半導體業,256677,247273,219663,3.8030840407161315,16.850357137979543,1972556,1382094,42.72227504062676,-
1150911,11508,6231,系微,資訊服務業,139982,100921,131575,38.704531267030646,6.389511685350561,1144469,1051150,8.877800504209675,-
1150911,11508,6233,旺玖,半導體業,37463,42866,29365,-12.604395091681052,27.5770475055338,275262,259638,6.01760913271555,-
1150911,11508,6234,高僑,光電業,75955,60801,45104,24.92393217216822,68.3996984746364,413182,308874,33.77040476051723,本月專案驗收入帳金額較高
1150911,11508,6236,中湛,數位雲端,2661,2562,2471,3.8641686182669788,7.689194658033185,21285,25409,-16.230469518674486,-
1150911,11508,6237,驊訊,半導體業,24920,59139,36475,-57.86198616818005,-31.67923235092529,374295,274956,36.12905337581286,-
1150911,11508,6240,松崗,資訊服務業,3118,3344,4020,-6.758373205741627,-22.437810945273633,31451,30295,3.815811189965341,-
1150911,11508,6241,鑫永洋,通信網路業,62206,62764,47808,-0.8890446752915684,30.116298527443107,479527,475529,0.8407478828841143,-
1150911,11508,6242,立康,生技醫療業,37017,42064,37204,-11.998383415747432,-0.5026341253628642,362630,378696,-4.242453049411665,-
1150911,11508,6244,茂迪,光電業,254029,314183,255071,-19.146166406202756,-0.4085137079479831,2240423,1963562,14.099936747604609,-
1150911,11508,6245,立端,通信網路業,802502,1053432,580000,-23.82023709171546,38.36241379310345,5324320,4412334,20.669015536901785,-
1150911,11508,6246,臺龍,光電業,112154,121227,124611,-7.484306301401503,-9.996709760775534,852704,1040013,-18.010255641035258,-
1150911,11508,6248,沛波,鋼鐵工業,582591,628864,584045,-7.358188733971097,-0.248953419685127,4321925,5204217,-16.95340528652053,-
1150911,11508,6259,百徽,電子零組件業,67024,74415,34604,-9.932137337902304,93.68859091434516,507225,319898,58.558352975010784,主係客戶訂單成長，以致營收較前期增加。
1150911,11508,6261,久元,半導體業,345096,374346,347241,-7.813626965427706,-0.6177265933458319,2852977,2702018,5.586898384836815,-
1150911,11508,6263,普萊德,通信網路業,154870,201059,169133,-22.97285871311406,-8.433008342546989,1323419,1253813,5.551545565407282,-
1150911,11508,6264,富裔,建材營造,2434,2478,1778,-1.7756255044390639,36.89538807649044,57670,42129,36.88907878183674,收入較去年同月增加主係本年度子公司富永營造工程收入增加所致。
1150911,11508,6265,方土昶,電子通路業,519833,631916,91852,-17.7370093493439,465.9463049253146,3577701,458459,680.3753443601282,受市場需求成長影響
1150911,11508,6266,泰詠,電子零組件業,332259,286509,300626,15.968084772206108,10.522376640742984,2168843,2216778,-2.1623725966244702,-
1150911,11508,6270,倍微,電子通路業,314044,384610,210093,-18.347416863836095,49.478564254877604,2374270,2011300,18.046537065579475,-
1150911,11508,6274,台燿,電子零組件業,5914540,5908074,2544064,0.10944344976044647,132.48393122185607,36178244,18363676,97.0098143748561,產品組合優化
1150911,11508,6275,元山,電子零組件業,330662,344441,323050,-4.000394842658104,2.3562915957282153,2855922,2825757,1.0675015579895937,-
1150911,11508,6276,安鈦克,電腦及週邊設備業,52247,53996,113065,-3.2391288243573597,-53.79029761641534,505644,987202,-48.78008756060056,"因市場需求減少, 營收較去年同期減少。"
1150911,11508,6279,胡連,電子零組件業,974746,975942,750862,-0.1225482661879497,29.816930407984422,6820642,5953559,14.564111987468337,-
1150911,11508,6284,佳邦,電子零組件業,653708,642365,658765,1.7658184988285477,-0.7676485544921178,4862819,5169430,-5.931234197967668,-
1150911,11508,6290,良維,電子零組件業,974831,902247,824829,8.044803695662052,18.185830032649193,7183215,6569739,9.337905204453328,-
1150911,11508,6291,沛亨,半導體業,269712,244174,202146,10.458935021746788,33.424356653112106,1876583,1335656,40.498975784183955,-
1150911,11508,6292,迅德,電子零組件業,110189,117700,84313,-6.381478334749363,30.690403615100873,822943,630189,30.586697006770983,-
1150911,11508,6294,智基,文化創意業,62231,77984,68163,-20.200297496922445,-8.70266860320115,610993,696244,-12.24441431452192,-
1150911,11508,6411,晶焱,半導體業,227339,257812,219860,-11.819853226382016,3.4017101792049487,1838777,1635778,12.409935822587173,-
1150911,11508,6417,韋僑,通信網路業,170975,166748,127334,2.5349629380862138,34.27285721017167,1271876,1037267,22.617995173855913,-
1150911,11508,6418,詠昇,電子零組件業,93353,96879,62324,-3.6395916555703507,49.7865990629613,626950,511175,22.64879933486575,-
1150911,11508,6419,京晨科,光電業,168661,171113,36217,-1.4329711944738273,365.69566778032413,1008065,320432,214.59560842862138,美國子公司陸續接獲專案建置工程，致使營收增加
1150911,11508,6423,億而得,半導體業,10457,77086,10324,-86.43463145058766,1.2882603641999224,212722,177105,20.110668812286498,-
1150911,11508,6425,易發,電機機械,159422,178759,82193,-10.817357447736898,93.96055625174893,1212388,776515,56.13194851355093,因應客戶產能建置，以致使我司營收相較去年同期增加。
1150911,11508,6432,今展科,電子零組件業,81931,117203,92886,-30.09479279540626,-11.79402708696682,815114,753250,8.212943909724528,-
1150911,11508,6435,大中,半導體業,339956,334509,270174,1.6283567856171284,25.82854012599288,2573026,2250142,14.349494387465324,-
1150911,11508,6441,廣錠,電腦及週邊設備業,35611,10448,15120,240.84035222052069,135.5224867724868,107409,202509,-46.96087581292683,因子公司接獲專案，並按完工比列認列營收所致。
1150911,11508,6461,益得,生技醫療業,5654,211,470,2579.620853080569,1102.9787234042553,42312,96602,-56.19966460321732,"本月較去年同期增加，主要因經銷商備貨增加所致。本年較去年減少，主要因去年認列海思科完成合約之技術服務收入6,804萬所致。"
1150911,11508,6462,神盾,半導體業,532337,796402,479160,-33.15724973066366,11.097963102095333,5243929,3244760,61.61223018035232,主係合併子公司營收陸續於本年度出貨
1150911,11508,6465,威潤,通信網路業,33123,45076,14485,-26.51743721714438,128.67103900586815,233884,122604,90.76375974682718,本月因增加其他電子產品銷售、致本月較上期營收增加
1150911,11508,6469,大樹,生技醫療業,1702411,1588849,1587627,7.147438176944442,7.229909796192683,12859902,12541540,2.538460189099584,-
1150911,11508,6470,宇智,通信網路業,117574,105206,171109,11.755983499039978,-31.28707432104682,788105,1429601,-44.87238047539139,-
1150911,11508,6474,華豫寧,電子通路業,415477,497248,332044,-16.44471169315915,25.127091590271167,3086798,2584431,19.43820516005264,-
1150911,11508,6482,弘煜科,文化創意業,29583,31671,37518,-6.592782040352373,-21.149848072924996,250118,355556,-29.65440043199946,-
1150911,11508,6485,點序,半導體業,124170,114625,102481,8.327153762268265,21.16392306866639,872382,935551,-6.752063757080053,-
1150911,11508,6486,互動,通信網路業,1491945,171320,161150,770.8527901003969,825.8113558796152,2699352,1168867,130.93748048323718,本月營收較去年同期增加50%以上，係因本月有大型專案認列收入，以致較去年同期增加。
1150911,11508,6488,環球晶,半導體業,4764363,4977758,4427620,-4.286970158051075,7.605508151106012,38941229,40192332,-3.112790270542152,-
1150911,11508,6492,生華科,生技醫療業,80,80,83,0.0,-3.6144578313253013,640,666,-3.903903903903904,-
1150911,11508,6494,九齊,半導體業,129453,155174,94954,-16.575586116230813,36.3323293384165,1111997,757913,46.71829088562935,-
1150911,11508,6496,科懋,生技醫療業,65774,87972,68485,-25.23302869094712,-3.9585310651967585,604293,547860,10.30062424707042,-
1150911,11508,6498,久禾光,光電業,95760,110979,118602,-13.713405238828967,-19.25937168007285,930516,794350,17.141814061811544,-
1150911,11508,6499,益安,生技醫療業,38071,42424,29395,-10.260701489722798,29.515223677496174,301395,266795,12.968758784834797,本月營收較去年同期增長，係因CDMO事業體業務成長所致
1150911,11508,6506,雙邦,紡織纖維,165214,170491,146079,-3.095178044588864,13.09907652708466,1452743,1294812,12.197214730787172,-
1150911,11508,6508,惠光,農業科技,98032,84947,86329,15.403722320976609,13.55627888658504,1091402,1153236,-5.361781976976092,-
1150911,11508,6509,聚和,化學工業,431828,462096,359808,-6.550154080537378,20.01623087869086,3610556,3364116,7.325550010760628,-
1150911,11508,6510,精測,半導體業,638311,614606,413758,3.8569424964936885,54.27157903895514,4249901,3191951,33.14430578664898,本月營收受惠於AI所帶動之高效能運算(HPC)訂單需求暢旺，整體訂單增長，致營收變動達50%以上。
1150911,11508,6512,啟發電,其他電子業,5584,3235,18076,72.61205564142195,-69.10820978092498,60203,132410,-54.53289026508572,本月營收較去年同期減少，主要係受產品世代轉換影響。O1stream系列新品已陸續進入量產及出貨階段，相關市場拓展工作持續進行。
1150911,11508,6516,勤崴國際,資訊服務業,48623,43828,42205,10.940494660947339,15.206729060537851,418226,335997,24.473135176802174,-
1150911,11508,6517,保勝光學,光電業,46855,56732,27547,-17.409927377846717,70.0911170000363,321244,320692,0.1721277736893967,配合客戶交期出貨致產生差異
1150911,11508,6523,達爾膚,生技醫療業,129346,82967,150485,55.900538768426,-14.047247233943583,691531,812544,-14.893101173597984,-
1150911,11508,6527,明達醫,生技醫療業,63959,73105,65835,-12.510772177005677,-2.8495481127060076,543150,605145,-10.24465210817242,-
1150911,11508,6530,創威,通信網路業,32210,32296,29102,-0.26628684666831803,10.679678372620439,251257,215992,16.326993592355272,-
1150911,11508,6532,瑞耘,半導體業,76657,87975,43998,-12.865018471156578,74.22837401700077,527626,458870,14.983764464881121,受惠於半導體產業增長，客戶訂單增加，帶動出貨量較去年同期提升
1150911,11508,6535,順藥,生技醫療業,9058,78,173,11512.820512820514,5135.838150289017,18747,18512,1.269446845289542,本月勞務收入較去年同期增加
1150911,11508,6538,倉和,電子零組件業,167967,157252,107897,6.813903797725943,55.6734663614373,1022348,1021682,0.06518662362652959,本月主產品太陽能網版銷貨量大幅提升所致
1150911,11508,6542,隆中,文化創意業,73388,76108,67389,-3.5738687128816946,8.902046328035732,657411,555557,18.333672332451936,-
1150911,11508,6546,正基,通信網路業,198536,213809,171813,-7.143291442362108,15.553537858020057,1509502,1570973,-3.9129253017079226,-
1150911,11508,6547,高端疫苗,生技醫療業,236386,47371,45735,399.0099427920035,416.8601727342298,504736,361959,39.44562781972544,本期增加海外營收
1150911,11508,6548,長科*,半導體業,1650483,1555599,1148903,6.099515363535204,43.657297439383484,11193013,8726558,28.263778227337742,-
1150911,11508,6556,勝品,光電業,114270,98934,127659,15.50124325307781,-10.488097196437383,969244,948892,2.14481732378395,-
1150911,11508,6560,欣普羅,光電業,11103,15504,1978,-28.38622291021672,461.324570273003,163495,99601,64.14995833375167,因主要客戶訂單逐漸回穩並陸續開始出貨。
1150911,11508,6561,是方,通信網路業,359802,359172,309173,0.17540342788413352,16.375621415841618,2744930,2694228,1.881874882155482,-
1150911,11508,6568,宏觀,半導體業,114689,105911,92228,8.288090944283407,24.35377542611788,879311,730833,20.316269243452336,-
1150911,11508,6569,醫揚,生技醫療業,135289,54973,94477,146.10081312644388,43.1978153413,996806,873056,14.174348495400066,-
1150911,11508,6570,維田,電腦及週邊設備業,103840,106949,84698,-2.906993052763467,22.600297527686603,761147,596881,27.520728587440377,-
1150911,11508,6574,霈方,生技醫療業,71449,68444,39086,4.390450587341476,82.79946784014737,554498,396659,39.79211362908695,本月較去年同期增加82.80%，主係美學健康通路業務持續成長，帶動相關服務及醫材銷售增加。
1150911,11508,6576,逸達,生技醫療業,26724,30280,141760,-11.743725231175693,-81.14841986455981,318965,372720,-14.42235458252844,本月營收較去年同期少，係因前期認列新劑型新藥Camcevi授權開發里程金收入，本期並無所致。
1150911,11508,6577,勁豐,電腦及週邊設備業,170789,192126,166155,-11.105732696251419,2.7889621136890255,1416276,1369284,3.431866581366612,-
1150911,11508,6578,達邦蛋白,農業科技,34005,37717,17230,-9.841715937110587,97.3592571096924,261297,201766,29.5049711051416,1.國內外客戶需求穩定、旺盛。2.新產品組合逐步提升高毛利品項出貨比重。3.因應未來訂單需求，規劃新廠，建置新產能
1150911,11508,6584,南俊國際,電子零組件業,280097,280305,203464,-0.07420488396568024,37.664156804152086,2273670,1515280,50.04949580275593,主係雲端CSP客戶的GB系列AI伺服器導軌持續出貨以及通用型伺服器導軌出貨增溫所致
1150911,11508,6588,東典光電,通信網路業,31318,30934,10836,1.24135255705696,189.01808785529715,246009,104580,135.2352266207688,光通與網通需求回升帶動營收回穩
1150911,11508,6590,普鴻,資訊服務業,63252,60313,52326,4.872912970669673,20.88063295493636,494029,439293,12.460020988269788,-
1150911,11508,6593,台灣銘板,資訊服務業,43672,32256,21026,35.39186507936508,107.70474650432797,316807,284931,11.187269900432035,訂單成長
1150911,11508,6596,寬宏藝術,文化創意業,231395,94502,873452,144.85725169837676,-73.50798899080888,1648366,2459323,-32.97480648129587,本期展演節目較去年同期少
1150911,11508,6597,立誠,電子零組件業,62044,61066,66371,1.6015458684046768,-6.519413599312953,430258,498519,-13.692757949045072,-
1150911,11508,6603,富強鑫,電機機械,412012,443027,466589,-7.000701988817838,-11.69701814659154,3109389,3065106,1.4447461197100524,-
1150911,11508,6609,瀧澤科,電機機械,236882,239426,123079,-1.0625412444763727,92.46337718051008,1631205,1513138,7.802791285394987,市場需求增加所致。
1150911,11508,6612,奈米醫材,生技醫療業,142827,108192,98021,32.01253327417923,45.710613031901325,897295,748854,19.82242199414038,-
1150911,11508,6613,朋億*,其他電子業,1690642,1292507,589449,30.803314798295098,186.81734976223558,9111592,5568748,63.620117125070124,營收增加主係半導體廠擴廠暢旺
1150911,11508,6615,慧智,生技醫療業,30372,33668,31131,-9.789711298562434,-2.4380842247277634,254146,260006,-2.2537941432120796,-
1150911,11508,6616,特昇-KY,居家生活,78609,67331,80324,16.750085398998976,-2.135102833524227,539290,681616,-20.880671815215607,-
1150911,11508,6617,共信-KY,生技醫療業,4648,4587,4310,1.329845214737301,7.842227378190255,31028,23489,32.095874664736684,自2018年度起依據國際會計準則公報15號規定認列收入
1150911,11508,6620,漢達,生技醫療業,66695,69658,332141,-4.25363920870539,-79.91967266913751,559992,1341191,-58.24666285413487,營收差異主要係114年4月及8月認列Phyrago授權相關收入所致
1150911,11508,6624,萬年清,綠能環保,17611,9011,32446,95.43890800133171,-45.72212291191518,215155,312442,-31.137619142112776,-
1150911,11508,6629,泰金-KY,居家生活,200259,240320,138839,-16.669856857523303,44.238290393909494,1793478,966655,85.53444610538403,新系列產品訂單成長
1150911,11508,6637,醫影,生技醫療業,43329,50379,42943,-13.993926040612159,0.898865938569732,614228,867634,-29.20655483763891,-
1150911,11508,6640,均華,半導體業,467768,688933,394121,-32.10254117599244,18.686393265012523,2808542,1749795,60.506916524507155,配合客戶出貨
1150911,11508,6642,富致,電子零組件業,65228,71671,42954,-8.989688995549105,51.855473297015415,458177,364495,25.70186147958134,雖大陸地區客戶受預期漲價影響之備貨潮較前月降低，唯仍持續中。且去年同期相對基期較低所以YOY成長幅度較大。
1150911,11508,6643,M31,半導體業,176341,165627,101885,6.468752075446636,73.0784708249497,1158566,1113315,4.064528008694754,去年同期基期較低所致。
1150911,11508,6649,台生材,生技醫療業,14423,12387,21476,16.436586744167272,-32.84131123114174,90151,140661,-35.909029510667494,-
1150911,11508,6651,全宇昕,半導體業,182425,186686,112375,-2.2824421756318096,62.335928809788655,1232046,1031331,19.46174409573648,主要係因市場需求較去年同期成長所致。
1150911,11508,6654,天正國際,其他電子業,100199,90547,10561,10.65965741548588,848.7643215604583,518405,203472,154.779527404262,主係因為客戶需求增加及新設備出貨所致
1150911,11508,6661,威健生技,生技醫療業,32264,33161,46927,-2.7049847712674526,-31.246403989174677,256401,248374,3.2318197556910144,-
1150911,11508,6662,樂斯科,生技醫療業,26671,23780,20079,12.157275021026072,32.83032023507147,175978,172399,2.0759981206387508,-
1150911,11508,6664,群翊,電子零組件業,275299,274733,208126,0.20601820676802568,32.275160239470324,1930789,1626114,18.73638625582216,-
1150911,11508,6667,信紘科,其他電子業,801683,452041,474204,77.34740875274588,69.05867516933641,4472842,4046714,10.530222793110656,本月營收較去年同期增加超過50%以上，主係產品組合及依案件進度認列所致。
1150911,11508,6679,鈺太,半導體業,161250,174571,160742,-7.630706131029782,0.31603439051399135,1420131,1333787,6.473597358498771,-
1150911,11508,6680,鑫創電子,電腦及週邊設備業,61505,37284,41667,64.96352322712156,47.61081911344709,392196,318122,23.284777538177178,-
1150911,11508,6683,雍智科技,半導體業,233323,230193,185567,1.359728575586573,25.735179207509955,1779761,1370970,29.817647359169055,-
1150911,11508,6684,安格,半導體業,25453,27024,24647,-5.813351095322676,3.270174869152432,210265,210403,-0.06558841841608723,-
1150911,11508,6690,安碁資訊,數位雲端,219817,210914,203144,4.221151749054117,8.207478438939866,1715011,1510881,13.510660336585078,-
1150911,11508,6692,進能服,綠能環保,82064,106566,85846,-22.992324005780457,-4.405563450830557,555048,1139497,-51.29008676635392,本年累計營收較去年同期減少51.29%，主要係工程收入較去年同期減少所致。
1150911,11508,6693,廣閎科,半導體業,251209,242458,117280,3.6092849070766895,114.19594133697134,1660782,869362,91.03457478012612,終端需求增加及新品導入量產
1150911,11508,6697,東捷資訊,資訊服務業,110355,117396,95284,-5.997648982929571,15.816926241551572,939707,928018,1.259566086002642,-
1150911,11508,6703,軒郁,生技醫療業,271208,264207,266333,2.649816242567381,1.8304153071530753,2251314,1976753,13.88949453978317,-
1150911,11508,6708,天擎,半導體業,30790,30518,22354,0.8912772789828953,37.738212400465244,195867,197699,-0.9266612375378732,-
1150911,11508,6712,長聖,生技醫療業,109644,99247,90537,10.475883402017189,21.10407899532788,669100,571550,17.067623130084858,-
1150911,11508,6716,應廣,半導體業,174028,169513,82185,2.663512532962074,111.75153616840056,1172866,705418,66.26539158342996,基期低及下游客戶備貨增加
1150911,11508,6720,久昌,半導體業,32507,32091,25904,1.2963136081767475,25.4902717726992,257344,313095,-17.806416582826298,-
1150911,11508,6721,信實,其他,268996,273850,304639,-1.772503195179843,-11.700077796999071,2378696,2377578,0.04702264236967199,-
1150911,11508,6725,矽科宏晟,其他電子業,335609,355094,383065,-5.487279424603063,-12.38849803558143,2574682,2487219,3.5164977430616284,-
1150911,11508,6727,亞泰金屬,電子零組件業,161759,194214,138790,-16.7109477174663,16.54946321781108,1548309,959545,61.35866478382984,當月認列台數較多
1150911,11508,6728,上洋,居家生活,451794,419284,329066,7.753694393299052,37.295861620465196,3346610,3060315,9.355082728411945,-
1150911,11508,6730,常廣,生技醫療業,43549,45431,42022,-4.14254583874447,3.633810860977583,331002,322928,2.500247733240846,-
1150911,11508,6732,昇佳電子,半導體業,304802,302819,335561,0.6548466245512996,-9.166440676955904,2645424,3082741,-14.185979295698212,-
1150911,11508,6733,博晟生醫,生技醫療業,19279,19715,17635,-2.211514075576972,9.322370286362348,153365,142316,7.76370892942466,係銷售醫療器材及抗生素之收入。
1150911,11508,6735,美達科技,其他電子業,19488,19084,23431,2.1169566128694193,-16.82813366907089,238007,182094,30.705569650839678,-
1150911,11508,6739,竹陞科技,其他電子業,148185,138046,75325,7.3446532315315185,96.72751410554265,930214,472038,97.06337201665967,因客戶產線升級需求
1150911,11508,6741,91APP*-KY,數位雲端,180645,184496,138505,-2.087308125921429,30.42489440814411,1464397,1108238,32.137410917149566,-
1150911,11508,6751,智聯服務,資訊服務業,141542,145638,112642,-2.8124527939136765,25.65650467853909,1139865,1324869,-13.963946624156803,-
1150911,11508,6752,叡揚,資訊服務業,175011,177870,157103,-1.6073536852757633,11.398891173306684,1340829,1268966,5.66311469338028,-
1150911,11508,6761,穩得,電子零組件業,185205,203826,153419,-9.135733419681493,20.718424706196757,1370217,1397684,-1.9651795398673806,-
1150911,11508,6762,達亞,生技醫療業,81462,80869,60131,0.7332846950005565,35.474214631388136,505098,480255,5.172876909142018,-
1150911,11508,6763,綠界科技*,數位雲端,156361,157597,136072,-0.7842788885575233,14.910488564877419,1248733,1104261,13.083138859381975,-
1150911,11508,6767,台微醫,生技醫療業,28440,25852,29075,10.01083088349064,-2.184006878761823,220853,224075,-1.4379114135892,-
1150911,11508,6785,昱展新藥,生技醫療業,0,0,0,,,1500,1253,19.71268954509178,無
1150911,11508,6788,華景電,半導體業,244716,287236,203284,-14.803158378476235,20.381338423092817,1959085,1653413,18.487334985269865,-
1150911,11508,6791,虎門科技,資訊服務業,69968,72894,68199,-4.014047795428979,2.593879675655068,543448,500211,8.643752336513991,-
1150911,11508,6803,崑鼎,綠能環保,849741,857407,914335,-0.894091137581102,-7.064587924557192,6417217,6431742,-0.22583306357748803,-
1150911,11508,6804,明係,運動休閒,120413,130618,123810,-7.812858870906001,-2.743720216460706,1035240,983900,5.218009960361825,-
1150911,11508,6811,宏碁資訊,數位雲端,1170269,1122017,660751,4.300469600727975,77.11195291418402,8216083,6528345,25.852463373182637,營收成長主要受惠於既有客戶訂單金額增加及子公司新增專案訂單
1150911,11508,6821,聯寶,電子零組件業,33337,48875,48762,-31.791304347826088,-31.633238997580083,366726,408422,-10.209048484165887,-
1150911,11508,6823,濾能,半導體業,45101,43103,65129,4.635408208245366,-30.751278232431023,399070,392794,1.597784080204891,-
1150911,11508,6829,千附精密,半導體業,271758,201265,173626,35.02496708319877,56.51918491470172,1644392,1155959,42.253488229253804,客戶需求增加
1150911,11508,6840,東研信超,其他電子業,84499,90739,76261,-6.876866617441233,10.8023760506681,664441,590233,12.572661982640753,-
1150911,11508,6841,長佳智能,生技醫療業,39962,29853,21483,33.862593374200245,86.01685053297956,237285,209730,13.138320698040337,新增專案營收增加
1150911,11508,6843,進典,電機機械,60035,63574,72734,-5.566741120583886,-17.459509995325433,494678,519444,-4.767790175649348,-
1150911,11508,6844,諾貝兒,生技醫療業,331966,307947,331287,7.799718782777556,0.20495823862693072,2516615,2543874,-1.0715546446089703,115/7/1取得合躍60%股權，屬共同控制下組織重整，視為自始取得，故重編去年比較期單月及累計營收數。
1150911,11508,6846,綠茵,食品工業,63790,62153,71905,2.6338229852139077,-11.285724219456228,519793,587864,-11.579378903964182,-
1150911,11508,6855,數泓科,其他電子業,62622,73290,38032,-14.555873925501432,64.65607909129155,447132,434944,2.8021998234255445,客戶需求增加
1150911,11508,6856,鑫傳,文化創意業,60597,53968,59934,12.283204862140527,1.1062168385223745,462456,462640,-0.03977174476915096,-
1150911,11508,6859,伯特光,光電業,52972,54812,59160,-3.3569291396044663,-10.459770114942529,432226,694517,-37.76595821268594,-
1150911,11508,6865,偉康科技,數位雲端,13532,16705,31151,-18.994313079916193,-56.55998202304902,145792,291630,-50.007886705757294,主係受營運轉型規劃影響，降低一次性勞務收入占比，致本期營業收入及累計營業收入較去年同期減少。
1150911,11508,6870,騰雲,數位雲端,95070,90325,70875,5.25325214503183,34.13756613756614,661028,455529,45.11216629457181,-
1150911,11508,6872,浩宇生醫,生技醫療業,852,795,2458,7.169811320754717,-65.33767290480066,23152,7796,196.97280656747049,本月係勞務收入減少；本年主係銷售醫療器材之收入增加所致
1150911,11508,6874,倍力,資訊服務業,106962,117427,37865,-8.911919745884678,182.4825036313218,1571391,1013712,55.013554145556135,客戶需求調整
1150911,11508,6875,國邑*,生技醫療業,3,248,0,-98.79032258064517,,2043,19673,-89.61520866161744,本年累計營業收入較去年同期減少，主要係營收發生時點不同所致。另自115年7月起新增子公司之銷售收入。
1150911,11508,6877,鏵友益,其他電子業,55149,55977,22962,-1.479178948496704,140.17507185785212,213947,308685,-30.69083369778253,係因出貨量增加所致
1150911,11508,6881,潤德,其他,180059,162570,213375,10.7578273974288,-15.613825424721734,1525538,1608393,-5.15141510812345,-
1150911,11508,6884,海柏特,資訊服務業,184914,174463,91899,5.990381914789955,101.21437665262951,1041600,750968,38.70098326426692,115年8月份營收較去年同期增長，主係拓展海外市場所致。
1150911,11508,6894,衛司特,綠能環保,196773,199018,117242,-1.128038669869057,67.83490557991163,1502099,900699,66.77036390625503,因應客戶訂單需求，電解設備與耗材之銷售增加，且本年度納入新事業體，營運範疇擴大，以上使本月及本年累計營收較去年同期成長。
1150911,11508,6895,宏碩系統,半導體業,55279,51183,91387,8.002657132250942,-39.511090198824775,314504,468665,-32.89364471424152,-
1150911,11508,6899,創為精密,光電業,87035,95952,102297,-9.293188260797065,-14.9193035963909,739311,764926,-3.3486899386345867,-
1150911,11508,6903,巨漢,其他電子業,624329,600396,280344,3.986202439723116,122.70103872385356,5229428,1579390,231.10428709818348,本月營收較去年同期增加50%以上，主係目前進行中之專案本月進入施工高峰期所致
1150911,11508,6904,伯鑫,其他,77105,86741,80563,-11.108933491659077,-4.292292988096272,639897,613422,4.315952150395649,-
1150911,11508,6907,雅特力-KY,半導體業,366266,402798,122613,-9.069558438721145,198.71710177550506,2385294,1107797,115.31869105982413,終端市場需求成長帶動營收大幅增加
1150911,11508,6910,德鴻,數位雲端,29471,26682,33656,10.452739674687056,-12.434632754932256,243104,238106,2.099065122256474,-
1150911,11508,6913,鴻呈,電子零組件業,304574,372741,243585,-18.288033782170462,25.038077057290064,2291800,1692689,35.39403871591296,無
1150911,11508,6922,宸曜,電腦及週邊設備業,266107,283197,167389,-6.0346684463465365,58.97520147679955,1684911,1154527,45.93950596218192,本月較去年同期增加，主要係因出貨量增加所致。
1150911,11508,6925,意藍,數位雲端,16174,16158,16920,0.09902215620745142,-4.408983451536643,130773,127045,2.9343933251997325,-
1150911,11508,6929,佑全,生技醫療業,275351,270039,269882,1.967123267379897,2.0264411854069557,2144887,2151099,-0.2887826176294071,-
1150911,11508,6945,圓祥生技,生技醫療業,0,0,0,,,0,0,,本月無收入
1150911,11508,6953,家碩,半導體業,153613,169370,112408,-9.303300466434434,36.656643655255856,957581,826228,15.897911956505952,-
1150911,11508,6961,旅天下,觀光餐旅,401289,435626,371374,-7.882220069509166,8.055221959534055,3082253,2947546,4.570140720450165,-
1150911,11508,6967,汎瑋材料,電子零組件業,133664,151304,132178,-11.658647491143658,1.124241553057241,1105330,898762,22.983615239629625,-
1150911,11508,6968,萬達寵物,居家生活,306098,296119,277130,3.3699289812541577,10.452856060332696,2435010,2105854,15.63052329363764,-
1150911,11508,6971,惠民實業,綠能環保,209150,168463,192296,24.15189091966782,8.764612888463619,1366025,1498748,-8.855591467011132,-
1150911,11508,6982,大井泵浦,電機機械,108582,140493,121560,-22.713587153808376,-10.676209279368214,1264737,1076665,17.468014656369437,-
1150911,11508,6983,華洋精機,其他電子業,30843,25367,28789,21.58710135215043,7.134669491819793,174865,159865,9.382916836080442,-
1150911,11508,6986,和迅,生技醫療業,21419,15310,20431,39.902024820378834,4.83578875238608,203121,186304,9.026644623840605,-
1150911,11508,6996,力領科技,半導體業,238613,255402,223199,-6.573558546918192,6.905944919108061,2075573,1655732,25.35682103142296,-
1150911,11508,6997,博弘,數位雲端,473839,503748,377616,-5.93729404384732,25.48170628363205,3678305,2820892,30.39510197483633,-
1150911,11508,7402,邑錡,光電業,51239,49518,44351,3.4755038571832464,15.53065319834953,326926,360061,-9.202607335979181,-
1150911,11508,7547,碩網,數位雲端,33565,37659,34338,-10.871239278791258,-2.2511503290814843,266564,209041,27.517568323917317,-
1150911,11508,7556,意德士科技,半導體業,77981,73025,53885,6.786716877781582,44.717453836874824,579128,501928,15.38069205144961,-
1150911,11508,7584,樂意,文化創意業,106113,97648,81957,8.668892348025562,29.473992459460447,682073,689213,-1.0359642084522491,-
1150911,11508,7642,昶瑞機電,電機機械,62623,74487,67136,-15.927611529528642,-6.722175881792183,450889,612570,-26.393881515581892,-
1150911,11508,7703,銳澤,其他電子業,368630,313709,201155,17.506988961107268,83.25669260023365,1992746,1557891,27.913056818480882,本月營收較去年同期增加50%以上，主係產品組合及依案件進度認列所致。
1150911,11508,7704,明遠精密,半導體業,62543,60912,54952,2.677633307065931,13.813873926335711,492598,449759,9.524878879577729,-
1150911,11508,7708,全家餐飲,觀光餐旅,279720,261095,251159,7.133418870526054,11.371680887405986,2009136,1794188,11.980238414257592,-
1150911,11508,7709,榮田,電機機械,49061,67271,41267,-27.069613949547353,18.88676181937141,595855,560404,6.325971977359191,-
1150911,11508,7712,博盛半導體,半導體業,171154,168173,110068,1.772579427137531,55.49841915906531,1097165,896152,22.430681402262117,終端需求升溫
1150911,11508,7713,威力德生醫,生技醫療業,116170,119973,101187,-3.169879889641836,14.80723808394359,854209,714320,19.58351999104043,-
1150911,11508,7714,創泓科技,數位雲端,203888,215366,177124,-5.329532052413102,15.11031819516271,1448821,1146176,26.40475808252834,-
1150911,11508,7715,裕山,綠能環保,31778,68150,75523,-53.37050623624358,-57.92275200932166,535131,933987,-42.70466291286709,"因高廠西區已接近完工，較去年同期合併營收減少約25,000仟元。"
1150911,11508,7716,昱臺國際,航運業,224061,212894,167178,5.245333358384924,34.02541004199117,1439316,1381907,4.154331659076913,-
1150911,11508,7717,萊德光電-KY,通信網路業,122627,109057,65860,12.443034376518701,86.19344063164287,821364,619075,32.6760085611598,市場需求增加
1150911,11508,7718,友鋮,電機機械,214196,220147,200307,-2.703193775068477,6.933856530226103,1690157,1604501,5.338482182310886,-
1150911,11508,7723,築間,觀光餐旅,355613,318976,445140,11.485817114767256,-20.112099564182056,2743892,3388410,-19.021251855590084,-
1150911,11508,7728,光焱科技,其他電子業,31078,30565,13095,1.6783903157205955,137.32722413134783,269405,196938,36.796859925458776,半導體檢測產品需求持續成長，配合矽光子設備與客戶整體系統共同驗收時程，各月份營收認列時點有所差異，並不影響專案推動進度。
1150911,11508,7734,印能科技,半導體業,255659,409159,258946,-37.51597789612351,-1.269376626787052,2454462,1608362,52.606316239752,主要係因市場需求較去年同期成長所致。
1150911,11508,7738,東聯互動,數位雲端,63930,54992,55456,16.253273203375038,15.280582804385459,425181,372512,14.138873378575724,-
1150911,11508,7743,金利食安,食品工業,58260,59716,69822,-2.4382075155737155,-16.559250665979203,482662,456647,5.696960672028942,-
1150911,11508,7744,崴寶,電子零組件業,449941,460037,241344,-2.1946060860322105,86.43140082206311,2907230,1530267,89.98187897928923,主係客戶訂單增加及產品組合變化所致。
1150911,11508,7747,昕奇雲端,數位雲端,144754,153172,122019,-5.495782518998251,18.632344143125252,1171971,1049812,11.636273923331034,-
1150911,11508,7751,竑騰,半導體業,241920,241946,171183,-0.010746199565192233,41.3224444016053,1833507,1136131,61.38165405221757,本公司為設備業，每月營收高低起伏屬常態，主要係今年同期客戶驗收機台較多所致。
1150911,11508,7753,星亞,光電業,69634,60955,92031,14.238372569928636,-24.336364920515912,548032,600012,-8.66316007013193,-
1150911,11508,7757,金色三麥,觀光餐旅,217508,189362,226756,14.863594596592769,-4.078392633491506,1548783,1509328,2.6140772582235274,-
1150911,11508,7767,仁大資訊,資訊服務業,285903,322536,192789,-11.357801919785699,48.29839876756454,2249429,1509382,49.02980160092011,-
1150911,11508,7770,君曜,半導體業,25214,22806,45998,10.558624923265807,-45.18457324231488,171418,337657,-49.23309749242575,-
1150911,11508,7772,耀穎,半導體業,39167,29001,25400,35.053963656425644,54.2007874015748,258308,275156,-6.123072002791144,消費型電子需求增加
1150911,11508,7777,能率亞洲,其他,-51703,-61900,59178,16.47334410339257,-187.36861671567135,65265,92491,-29.436377593495582,營業收入為投資標的之評價損益(含已實現及未實現)，投資標的的股數及公允價值變動情形，請參考本公司網站投資人專區/財務資訊。
1150911,11508,7782,光速火箭,居家生活,67103,59597,63040,12.594593687601725,6.44511421319797,479489,459347,4.384920332559045,-
1150911,11508,7792,安葆,其他電子業,678719,617274,404682,9.954250462517455,67.71662688234218,4472038,3679177,21.549955329683787,本月增減達百分比50%以上，係因本月投入進行的專案較去年同期增加所致。
1150911,11508,7794,宏碁智新,居家生活,167741,135765,82720,23.552461974735756,102.78167311411993,903400,631042,43.16004323008611,主係印度子公司收入大幅增加所致。
1150911,11508,7805,威聯通,數位雲端,553328,584171,463992,-5.279789650633119,19.253780237590302,4587228,4074582,12.581560513446533,-
1150911,11508,7810,捷創科技,半導體業,77273,83863,35155,-7.858054207457401,119.80657090029868,579288,323311,79.17361302275518,本月營收及本年累計營收較去年同期增加50%以上之原因，主要係各產品線銷售較去年同期成長所致。
1150911,11508,7811,民盛,運動休閒,222909,264948,228529,-15.866887087277503,-2.4592064902047444,1891206,1984947,-4.7225946083195165,-
1150911,11508,7814,海昌生技,生技醫療業,7149,13686,6344,-47.76413853572994,12.689155107187894,69072,47334,45.92470528584104,主係客戶需求增加所致
1150911,11508,7819,精誠金融,資訊服務業,24166,24702,33194,-2.1698647882762527,-27.197686328854612,240148,366489,-34.47334026396427,-
1150911,11508,7820,立盈,綠能環保,33168,33772,27415,-1.7884638161790833,20.984862301659675,272526,188982,44.2073848303013,-
1150911,11508,7825,和亞智慧,其他電子業,20507,20112,35292,1.9640015910898965,-41.893346934149385,180556,258894,-30.258715922346596,-
1150911,11508,7828,創新服務,半導體業,157044,129614,53757,21.162837347817366,192.1368379931916,798121,244669,226.2043822470358,"本月及累計營收成長顯著,主係終端需求強勁帶動設備出貨量提升。目前訂單能見度良好,後續將依時程持續交付,營運動能維持成長趨勢"
1150911,11508,7839,達人網,數位雲端,15869,15539,14714,2.123688783061973,7.849666983824928,121150,115733,4.6806010385974615,-
1150911,11508,7842,天能綠電,綠能環保,320022,318783,186556,0.38866564402744186,71.54205707669547,2314417,1448449,59.7858813116651,本月及本年累計營收增加，主要係因售電業務成長所致。
1150911,11508,8024,佑華,半導體業,18617,16239,11291,14.643758852146068,64.88353555929501,139710,110452,26.489334733639954,本月營收較去年同期增加，主係客戶需求增加。
1150911,11508,8027,鈦昇,電機機械,152884,189408,111357,-19.283240412231795,37.29177330567454,1351686,917305,47.354042548552556,-
1150911,11508,8032,光菱,電子通路業,435297,487964,303072,-10.793214253510504,43.628246753246756,3400535,2317173,46.75360881556966,註：本月(年)新台幣(累計)營業收入淨額=本月(年)功能性貨幣(累計)營業收入淨額x本月(年累計)換算匯率
1150911,11508,8034,榮群,通信網路業,83363,22804,84204,265.5630591124364,-0.9987649042800817,229696,358056,-35.84914091650468,-
1150911,11508,8038,長園科,電子零組件業,41171,48859,69617,-15.73507439775681,-40.86070930950773,435325,341668,27.41169790556915,無
1150911,11508,8040,九暘,半導體業,86725,83887,56271,3.383122533884869,54.12023955501057,602690,447061,34.811580522568505,營收較去年同期成長逾50%，主係訂單增加所致。
1150911,11508,8042,金山電,電子零組件業,482033,436935,347406,10.321443692997814,38.75206530687438,3290370,2413094,36.35482082339105,-
1150911,11508,8043,蜜望實,電子零組件業,621856,762588,402551,-18.454525903895682,54.47881138042136,5050721,3141966,60.75033911888289,"客戶需求增加,致使銷貨收入增加"
1150911,11508,8044,網家,數位雲端,3044442,2973775,2735121,2.3763398374120435,11.309225441945713,24971445,22971196,8.70763977635296,-
1150911,11508,8047,星雲,其他電子業,85439,87002,25746,-1.7965104250477,231.85349180455216,432334,286892,50.695732191904966,主係新增合併個體-天良
1150911,11508,8048,德勝,通信網路業,102593,123568,87581,-16.974459406966204,17.140704033979972,869718,641073,35.66598499702842,-
1150911,11508,8049,晶采,光電業,125884,109720,106426,14.732045205978855,18.283126303722774,882161,860716,2.491530307325529,-
1150911,11508,8050,廣積,電腦及週邊設備業,693351,515336,356520,34.54348231057019,94.47744867048132,4544896,3864015,17.621075487543397,廣積客戶出貨增加去年增加所致
1150911,11508,8054,安國,半導體業,683183,633047,265367,7.9197911055577235,157.4483639638689,4205482,1595931,163.51277091553456,主係訂單陸續於本月出貨所致。
1150911,11508,8059,凱碩,通信網路業,659239,891953,1228441,-26.090388170677155,-46.3353144351255,6411046,3731426,71.81222406661689,新增子公司合併營收
1150911,11508,8064,東捷,光電業,145707,143680,257873,1.4107739420935412,-43.496604917924714,1517010,1530969,-0.9117754833703361,-
1150911,11508,8066,來思達,居家生活,410129,360345,367072,13.815648892034023,11.729851364309999,2802499,3002870,-6.672649831661044,-
1150911,11508,8067,志旭,電子通路業,8239,6751,9174,22.04117908458006,-10.191846522781775,60350,74085,-18.539515421475333,-
1150911,11508,8068,全達,電子通路業,105034,112884,59429,-6.954041316749938,76.73862928873109,910187,510265,78.37535398273447,新增子公司營收
1150911,11508,8069,元太,光電業,3446142,2876431,3336337,19.80617647355351,3.2911843138148216,25172156,25917590,-2.8761701994668485,-
1150911,11508,8071,能率網通,電子零組件業,207763,220002,161564,-5.563131244261416,28.59486024114283,1573845,1299482,21.11325897549947,-
1150911,11508,8074,鉅橡,電子零組件業,136193,140180,118679,-2.8442003138821517,14.757454983611254,1060119,866759,22.3083925289498,-
1150911,11508,8076,伍豐,電腦及週邊設備業,232539,253776,103590,-8.368403631549082,124.4801621778164,1835851,1184050,55.048435454583846,國外彩票機專案出貨
1150911,11508,8077,洛碁,觀光餐旅,83667,81297,86079,2.915236724602384,-2.802077161677064,702572,685776,2.4491962390051563,-
1150911,11508,8080,泰霖,建材營造,10570,6093,15176,73.4777613655014,-30.350553505535057,62833,142585,-55.932952274082126,減少土方工程營收
1150911,11508,8083,瑞穎,電機機械,110464,132076,104909,-16.363305975347526,5.295065247023611,1009835,988794,2.127945760188674,-
1150911,11508,8084,巨虹,電子通路業,87780,64916,35809,35.22090085649147,145.133904884247,434896,381225,14.078562528690407,本月記憶體產品訂單需求持續升溫，帶動相關產品出貨增加
1150911,11508,8085,福華,其他電子業,43758,52868,50172,-17.231595672240296,-12.784022961014111,416843,423504,-1.5728304809399676,-
1150911,11508,8086,宏捷科,半導體業,421572,418583,374538,0.7140758224772625,12.557871297438444,3360912,2474283,35.833774875388144,-
1150911,11508,8087,麗升能源,綠能環保,28629,27557,26195,3.8901186631345936,9.291849589616339,541914,166918,224.65881450772235,本年累計營收較去年同期增加，主要係因本度EPC工程案件依進度認列收入所致。
1150911,11508,8088,品安,半導體業,230574,216457,133329,6.521849605233372,72.93612042391378,1323264,886847,49.209953915387885,係因DRAM IC 報價上漲所致
1150911,11508,8089,康全電訊,通信網路業,58933,23607,34927,149.6420553225738,68.73192658974432,291932,639355,-54.339607886072685,配合客戶出貨時程
1150911,11508,8091,翔名,半導體業,304207,333375,177359,-8.749306336707912,71.52047541991102,2178911,1380717,57.81010880578714,主係客戶需求增加。
1150911,11508,8092,建暐,其他電子業,30702,36423,40340,-15.707108145951734,-23.891918691125433,210482,235644,-10.67797185585035,-
1150911,11508,8093,保銳,電子零組件業,22589,23222,10779,-2.725863405391439,109.56489470266258,174078,117001,48.78334373210485,大陸內陸銷售增加所致
1150911,11508,8096,擎亞,電子通路業,7264099,10407626,1965621,-30.20407343615153,269.5574579229668,45161685,24998502,80.65756500129488,因伺服器記憶體出貨量增加，致使營收較去年同期成長
1150911,11508,8097,常珵,通信網路業,10547,16263,3648,-35.14726680194306,189.1173245614035,185108,212550,-12.910844507174783,客戶依銷售情形調整訂單
1150911,11508,8099,大世科,資訊服務業,721010,387394,982294,86.11800905538031,-26.599368417194853,3633796,3174298,14.475578537364797,-
1150911,11508,8102,傑霖科技,半導體業,35243,44085,32135,-20.056708631053645,9.671697526061926,304100,295860,2.785101061312783,-
1150911,11508,8107,大億金茂,電機機械,56266,60099,74875,-6.377809946920914,-24.853422370617697,460519,676230,-31.899058012806293,-
1150911,11508,8109,博大,電子零組件業,227249,211593,145565,7.399110556587411,56.11513756740975,1463093,1119416,30.70145504441602,全球客戶出貨需求強勁，各領域產品皆呈現穩定成長
1150911,11508,8111,立碁,光電業,67774,60729,74316,11.600717943651304,-8.802949566715109,529461,563868,-6.101960033199259,-
1150911,11508,8121,越峰,電子零組件業,305960,313384,243295,-2.368978633242284,25.756797303684827,2364144,1928058,22.6178880510856,-
1150911,11508,8147,正淩,電子零組件業,229772,188823,117241,21.68644709595759,95.98263406146314,1401698,1086606,28.99781521545068,主要受惠AI應用需求成長，致使營業收入較去年同期增加
1150911,11508,8155,博智,電子零組件業,560984,557144,415122,0.6892293554269632,35.13714040691652,4248048,3133051,35.58821736384119,-
1150911,11508,8171,天宇,綠能環保,79895,80034,11727,-0.17367618762026138,581.2910377760724,395442,173367,128.09531225665785,本月及本年累計營收較去年同期增加主要係太陽能及儲能工程收入增加所致
1150911,11508,8176,智捷,通信網路業,25399,34151,6652,-25.627360838628444,281.82501503307276,225918,249809,-9.563706671897329,係去年同期受訂單遞延與配合客戶調整其出貨頻率之影響，使得營收今年較去年同期增加。
1150911,11508,8182,加高,電子零組件業,262918,262364,231269,0.21115701849339086,13.684929670643276,1929455,1846416,4.497307215708703,-
1150911,11508,8183,精星,其他電子業,918759,855049,588702,7.451034969925701,56.06520786408064,5841187,4413343,32.352889861495015,"8月合併營收9.19億,較7月增7.45%,與去年8月比增56.07%,係因新能源車用產品需求成長所致。"
1150911,11508,8227,巨有科技,半導體業,149751,131133,105274,14.197799180984191,42.2487983737675,1263485,729609,73.17289123352371,主要係本期量產收入增加所致。
1150911,11508,8234,新漢,電腦及週邊設備業,612237,751899,413798,-18.574569190808873,47.955524192963715,4187426,3978068,5.26280596510668,-
1150911,11508,8240,華宏,光電業,527855,570992,603889,-7.554746826575504,-12.590724454328527,4351193,4844276,-10.178672726326907,-
1150911,11508,8255,朋程,電機機械,643041,666048,614720,-3.454255549149611,4.607138209266007,5377834,5552579,-3.147096151175877,-
1150911,11508,8272,全景軟體,資訊服務業,33944,27364,37149,24.046192077181697,-8.627419311421573,261685,266739,-1.8947360528456656,-
1150911,11508,8277,商丞,半導體業,11734,10629,14450,10.396086179320726,-18.79584775086505,78754,185099,-57.45303864418501,前端客戶需求減少
1150911,11508,8279,生展,生技醫療業,178706,178054,177697,0.36618104619946756,0.5678205034412511,1366834,1438192,-4.961646289229811,-
1150911,11508,8284,三竹,資訊服務業,297833,296382,244655,0.48957089161959905,21.735913837853303,2156586,1898728,13.58056551543981,-
1150911,11508,8289,泰藝,電子零組件業,214038,217251,128053,-1.478934504329094,67.14797779044615,1385028,1172037,18.172719803214402,客戶需求增加，致本月營收較去年同期增加達50%以上
1150911,11508,8291,尚茂,電子零組件業,209,271,756,-22.878228782287824,-72.35449735449735,3030,1695,78.76106194690266,2026 年 8 月營收較去年同期減少，主係訂單減少所致。
1150911,11508,8299,群聯,半導體業,28275661,27161687,5933811,4.101269556636891,376.5177219159828,164292557,43350155,278.98954917231555,係總出貨量及均價增加
1150911,11508,8342,益張,其他,144290,141198,136693,2.189832717177297,5.557709612050361,1104477,1062421,3.958506091276434,-
1150911,11508,8349,恒耀國際,鋼鐵工業,997885,1004144,890262,-0.6233169744578467,12.08891315140936,7888467,7397632,6.635028614562065,-
1150911,11508,8354,冠好,其他,47154,55095,50721,-14.41328614211816,-7.0325900514579756,443786,425860,4.209364579908891,-
1150911,11508,8358,金居,電子零組件業,1056242,1008644,661352,4.719008887179223,59.709504167221084,7401876,5041339,46.82361174283261,"本月營收較去年同期增加,係需求增加及優化產品組合所致"
1150911,11508,8383,千附,半導體業,511579,496334,294688,3.071520387481011,73.60021446411119,3422140,2132512,60.474595219159376,本月營業收入較去年同期增加73.60%，主要係精密零組件收入及工程收入增加
1150911,11508,8390,金益鼎,綠能環保,488730,547848,327043,-10.790949314408376,49.43906458783707,4386268,3046230,43.99004671347863,-
1150911,11508,8401,白紗科,其他,131268,130194,133802,0.8249228075026499,-1.8938431413581263,1031410,994304,3.731856655509784,-
1150911,11508,8403,盛弘,生技醫療業,397936,412183,366437,-3.456474430046848,8.596020598356606,3072583,2863303,7.30904134141584,-
1150911,11508,8409,商之器,生技醫療業,20966,15026,15065,39.53147877013177,39.1702621971457,123348,91238,35.19366930445648,-
1150911,11508,8410,森田,電腦及週邊設備業,57841,81756,97916,-29.251675717990118,-40.92793823277095,572502,765049,-25.167930420143023,-
1150911,11508,8415,大國鋼,鋼鐵工業,2601881,2666400,1883875,-2.4197044704470447,38.11325061376153,19341692,15674278,23.397658252584264,-
1150911,11508,8416,實威,資訊服務業,177223,137452,140666,28.934464394843292,25.98851179389476,1158947,1022294,13.367289644661907,-
1150911,11508,8421,旭源,其他,121465,119474,96786,1.6664713661549793,25.498522513586675,907813,775984,16.988623476772716,-
1150911,11508,8423,保綠-KY,綠能環保,36114,35438,30876,1.9075568598679384,16.964632724446172,284299,252283,12.690510260302913,-
1150911,11508,8424,惠普,建材營造,88801,84895,82609,4.600977678308499,7.495551332179303,721117,728066,-0.9544464375482442,-
1150911,11508,8426,紅木-KY,其他,198309,273465,280399,-27.4828588667654,-29.27613864528761,1561194,1638490,-4.717514296700011,-
1150911,11508,8431,匯鑽科,其他電子業,87357,81846,100884,6.733377318378418,-13.40846913286547,624166,695396,-10.24308451587297,-
1150911,11508,8432,東生華,生技醫療業,124789,106976,95346,16.651398444510917,30.880162775575272,848270,736281,15.210089626107424,-
1150911,11508,8433,弘帆,居家生活,291364,330833,302231,-11.930188342759035,-3.595594098553755,2376218,2152882,10.373815192843825,-
1150911,11508,8435,鉅邁,其他,55612,63165,51354,-11.95757143987968,8.291467071698408,444518,398904,11.434831438140504,-
1150911,11508,8436,大江,生技醫療業,545596,513329,534650,6.285832282999792,2.0473206770784627,4413086,4502415,-1.9840241292728458,-
1150911,11508,8437,大地-KY,其他,15642,18595,11122,-15.88061306802904,40.640172630821795,131968,138205,-4.512861329184907,-
1150911,11508,8440,綠電,綠能環保,92816,98519,81515,-5.788731107705113,13.863706066368152,637290,645755,-1.3108686731035764,-
1150911,11508,8444,綠河-KY,其他,109022,94396,262724,15.49430060595788,-58.50322010931624,1012774,2467546,-58.956226145328195,由於去年平均售價偏低，為避免損失擴大，公司採取選擇性接單，使銷售量下降，但平均售價因此有所提升，待售價穩定將增加銷售量。
1150911,11508,8446,華研,文化創意業,146623,85752,86637,70.98493329601642,69.23831619285063,849299,680594,24.787905858705777,主要係本月演藝經紀收入較去年同期增加所致
1150911,11508,8450,霹靂,文化創意業,14076,13944,20800,0.9466437177280551,-32.32692307692308,209522,152162,37.69666539609101,-
1150911,11508,8455,大拓-KY,其他電子業,100725,108143,81742,-6.8594361169932405,23.22306770081476,841042,776740,8.278445811983417,-
1150911,11508,8472,納維康,數位雲端,55646,48131,25145,15.613637780224803,121.30045734738516,352519,291726,20.839075022452576,商品銷貨增加，故本月銷貨收入增加
1150911,11508,8477,創業家,數位雲端,24510,27126,25474,-9.64388409643884,-3.7842506084635312,273033,312083,-12.512696942800472,-
1150911,11508,8489,三貝德,其他,167552,163735,126398,2.331205911991938,32.55905947878922,1299487,864535,50.31051374438282,"主要係114年10月取得弋果文化股權。該公司及其子公司本月營收為49,544千元，併入本期營收後，與去年同期比較成長達32.56%。"
1150911,11508,8905,裕國,其他,204525,196152,183247,4.268628410620336,11.611649849656475,1507888,1324039,13.885467119926226,-
1150911,11508,8906,花王,其他,17305,16012,17905,8.075193604796402,-3.351019268360793,134045,135535,-1.0993470321319216,-
1150911,11508,8908,欣雄,油電燃氣業,1024179,883594,823086,15.910587894440207,24.431590380592066,7169566,7049803,1.6988134278362104,-
1150911,11508,8916,光隆,其他,842764,902934,591662,-6.6638314649797215,42.44010938677826,5467266,5557759,-1.6282282121265064,-
1150911,11508,8917,欣泰,油電燃氣業,259568,237385,234726,9.344735345535733,10.583403628059951,2041709,2099716,-2.7626117055830406,-
1150911,11508,8921,沈氏,其他,54956,58467,49922,-6.005096892264012,10.083730619766836,420438,393075,6.961266933791261,-
1150911,11508,8923,時報,文化創意業,30927,33306,24329,-7.142857142857143,27.1198980640388,300037,291161,3.0484852023450943,-
1150911,11508,8924,大田,運動休閒,293119,261459,485769,12.108973108594464,-39.65876785056272,2570640,2794049,-7.995886972633622,-
1150911,11508,8927,北基,油電燃氣業,921391,838011,762906,9.949750062946668,20.77385680542557,9396422,6590665,42.57168282715022,-
1150911,11508,8928,鉅明,運動休閒,141919,304158,181415,-53.34036915024428,-21.77107736405479,1816627,2103383,-13.633085367714772,-
1150911,11508,8929,富堡,其他,53177,49890,54846,6.588494688314292,-3.043066039455931,455410,460926,-1.1967213826080543,-
1150911,11508,8930,青鋼,鋼鐵工業,106959,112315,118291,-4.768730801762899,-9.579765155421798,928220,970576,-4.364006528082293,-
1150911,11508,8931,大汽電,油電燃氣業,313813,304339,227140,3.112975990589441,38.158404508232806,1922582,1688726,13.848072452250987,-
1150911,11508,8932,智通*,數位雲端,206275,192123,182933,7.3661144162854,12.75986290062482,1689473,1508838,11.97179551416388,-
1150911,11508,8933,愛地雅,運動休閒,276545,307950,145122,-10.19808410456243,90.56035611416601,1755690,1769059,-0.7557125002614384,客戶訂單增加。
1150911,11508,8935,邦泰,其他,35871,31609,43578,13.483501534373122,-17.68552939556657,315265,359944,-12.412764207765653,-
1150911,11508,8936,國統,其他,556411,534947,495270,4.012360102963471,12.344983544329356,4409358,3764401,17.133057822479593,-
1150911,11508,8937,合騏*,其他,77680,7783,5168,898.0727226005397,1403.095975232198,488985,48964,898.6622824932604,合併子公司營利挹注營收
1150911,11508,8938,明安,運動休閒,1015880,1093307,862351,-7.081908375232208,17.803539394051842,9396739,9691386,-3.0402978480064666,-
1150911,11508,8941,關中,居家生活,256427,247963,251381,3.4134124849271865,2.007311610662699,2066306,1964316,5.192138128488492,-
1150911,11508,8942,森鉅,其他,296719,290660,201004,2.084566159774307,47.618455354122304,1931194,3012265,-35.888973911657835,-
1150911,11508,9949,琉園,文化創意業,13038,9338,11329,39.62304562004712,15.085179627504633,93284,86463,7.888923585811272,-
1150911,11508,9950,萬國通,塑膠工業,209987,161965,176348,29.649615657703826,19.07535101050196,1413806,1526645,-7.391305771806805,-
1150911,11508,9951,皇田,電機機械,479604,536321,496274,-10.575196570710451,-3.359031502758557,4266595,4042115,5.553528289026908,-
1150911,11508,9960,邁達康,運動休閒,47721,46662,52571,2.2695126655522695,-9.225618687108863,449283,426287,5.394487751209866,-
1150911,11508,9962,有益,鋼鐵工業,161658,187849,120581,-13.942581541557315,34.06589761239333,1253249,1375086,-8.86031855462131,-
1150817,11507,000104,臺銀證券,證券,156900,263507,112857,-40.45698975738785,39.0254924373322,1560738,559404,179.00015015981293,-
1150817,11507,000218,亞東證券,證券,-113394,98643,99006,-214.95392475897935,-214.5324525786316,966238,328624,194.02539072009347,-
1150817,11507,000511,富隆,證券,-20176,11729,1673,-272.01807485719155,-1305.9772863120143,48319,-6788,811.8296994696524,-
1150817,11507,000532,高橋,證券,50656,69166,22543,-26.76170372726484,124.70833518165284,361702,132918,172.1241667795182,-
1150817,11507,000538,第一金證,證券,457650,760230,346483,-39.80111282111992,32.084402409353416,4082138,1792246,127.76661239584298,-
1150817,11507,000546,寶盛,證券,3198,4824,1956,-33.70646766169154,63.49693251533742,25822,12245,110.87790935075542,-
1150817,11507,000560,永興,證券,34315,43504,15088,-21.12219566016918,127.43239660657476,226920,90712,150.15433459740717,-
1150817,11507,000596,日茂,證券,19026,25959,9109,-26.70750028891714,108.87034800746514,136185,52035,161.71807437301817,-
1150817,11507,000601,牛牛牛亞,證券,-50055,-31301,159923,-59.91501868949874,-131.29943785446747,175420,363777,-51.778149800564634,-
1150817,11507,000616,中信證券,證券,516934,859864,433126,-39.88188829861466,19.349565715288392,5724566,2335266,145.13550062391178,-
1150817,11507,000638,光和,證券,59561,78990,24338,-24.596784403089,144.72429944942067,414100,156718,164.23257060452534,-
1150817,11507,000646,大昌證券,證券,99362,121023,47236,-17.89825074572602,110.35227368955881,642364,301348,113.16351858980315,-
1150817,11507,000662,口袋證券,證券,31945,38110,13349,-16.176856468118604,139.30631507978126,195275,69765,179.90396330538235,-
1150817,11507,000695,福勝證券,證券,18483,26527,7165,-30.323821012553246,157.96231681786463,136776,44851,204.95641122828923,-
1150817,11507,000700,兆豐證券,證券,285447,1329644,919581,-78.53207324667355,-68.95901502967112,8444413,4155132,103.2285135586547,-
1150817,11507,000708,石橋,證券,3777,4945,1709,-23.619817997977755,121.00643651258045,24340,9802,148.3166700673332,-
1150817,11507,000775,北城,證券,15557,20367,6058,-23.61663475229538,156.80092439749092,100360,35286,184.41874964575186,-
1150817,11507,000779,國票綜合,證券,765406,1171049,648322,-34.63928494879377,18.059544485610544,5679994,2353676,141.32437939631453,-
1150817,11507,000838,安泰證券,證券,30055,40318,10933,-25.455131702961456,174.90167383151925,203050,71466,184.1211205328408,-
1150817,11507,000849,京城證券,證券,19881,29428,11527,-32.44189207557428,72.47332350134467,151001,72001,109.7206983236344,-
1150817,11507,000852,中農證券,證券,11446,15415,5628,-25.74764839442102,103.37597725657427,78191,35397,120.89725117947849,-
1150817,11507,000856,新光證券,證券,458747,547111,230143,-16.151018714666677,99.33128533129403,3135044,1601687,95.73387309755277,-
1150817,11507,000888,國泰證,證券,2406512,2877856,1059215,-16.37830384842049,127.19768885448185,14189744,6567438,116.06209301100368,-
1150817,11507,000930,華南永昌,證券,1065016,1339129,710035,-20.469499204333562,49.994859408339025,8539150,3767195,126.67130318446483,-
1150817,11507,000960,富邦證券,證券,4991600,5388125,2437571,-7.359239067393574,104.77762493892486,30515605,14077460,116.76925382846053,-
1150817,11507,000980,元大證券,證券,14098369,16854842,6900889,-16.354190683009666,104.29786655023722,96536259,44919079,114.91148338103727,-
1150817,11507,0009A0,永豐金證,證券,3922726,4123395,2480957,-4.86659657879005,58.1134215546662,22962161,11354164,102.23559391955233,-
1150817,11507,0009B0,台新證券,證券,1273217,2291907,452285,-44.447265966725524,181.50767768110816,13882447,2463152,463.6049663195775,-
1150817,11507,1111,欣欣水泥,水泥工業,39180,48843,52141,-19.783797064062405,-24.857597667862144,286908,319734,-10.266659160427105,-
1150817,11507,1237,台糖公司,食品工業,2482091,4028853,2351239,-38.392118054443785,5.565236030875636,18880437,17248611,9.460622655354683,-
1150817,11507,1242,新東陽,食品工業,299263,294586,286254,1.5876518232366779,4.544565316117853,2207680,2177047,1.407089511618261,-
1150817,11507,1246,中聯油脂,食品工業,180468,686880,626983,-73.72641509433963,-71.21644446500144,4755154,5127577,-7.263138125473299,-
1150817,11507,1267,京華堂,食品工業,624,458,530,36.24454148471616,17.735849056603772,7096,6327,12.154259522680576,-
1150817,11507,1328,中油,塑膠工業,106587920,104978962,102043044,1.5326480366609074,4.453881246427733,684610436,645248116,6.100338617648904,-
1150817,11507,1408,中興紡織,紡織纖維,334141,363111,356257,-7.978276615139723,-6.207878020642402,2363753,2745347,-13.899663685501324,-
1150817,11507,1550,台全電機,電機機械,1082394,1119373,936672,-3.3035458243141473,15.55742031362099,7430734,6961607,6.738774538694873,-
1150817,11507,1557,金豐機器,電機機械,608550,796673,482397,-23.613577967371807,26.151282035336042,3754155,3598749,4.3183339543824815,-
1150817,11507,1585,鎧鉅,其他,16024,15607,10293,2.671878003459986,55.67861653550957,116103,76908,50.96348884381339,-
1150817,11507,1602,太電,電器電纜,4074114,3698427,3331940,10.158021234432908,22.27453075385511,25351581,23896680,6.088297621259522,-
1150817,11507,1613,台一,電器電纜,610307,502330,515603,21.49523221786475,18.367620048758443,4036522,3955168,2.056903777538653,-
1150817,11507,1619,大展電線,電器電纜,455375,403705,347725,12.798949728143075,30.95837227694299,2813181,2285719,23.076414904894257,-
1150817,11507,1716,永信藥品,化學生技醫療,425927,351461,412544,21.187557083147205,3.2440176078188023,2780034,3106511,-10.509442908780944,-
1150817,11507,1739,欣雲天然,化學生技醫療,188797,212440,222866,-11.129260026360384,-15.286764243985175,1392679,1563282,-10.913130196599207,-
1150817,11507,1740,欣桃天然,化學生技醫療,411407,423863,389663,-2.9386853771147754,5.580206486117492,3180031,2984166,6.563475356263693,-
1150817,11507,1745,欣嘉公司,化學生技醫療,67165,68186,59010,-1.4973748276772358,13.819691577698695,446649,453167,-1.4383218548570396,-
1150817,11507,1763,奇美實業,化學生技醫療,9872898,7628595,9738980,29.419611343897532,1.3750721328106228,63801634,69264844,-7.887421214721858,-
1150817,11507,1764,長春石化,化學生技醫療,9395562,10099169,8846047,-6.966979164325302,6.2119837256121295,69238551,63541003,8.966726571816942,-
1150817,11507,1765,長春樹脂,化學生技醫療,11017582,10964812,8593072,0.4812668014736596,28.21470598640393,72612247,65806296,10.342400976344269,-
1150817,11507,1766,大連化工,化學生技醫療,1985518,2925289,2871163,-32.12574894309588,-30.846211099822614,21697188,21447086,1.1661351103828277,-
1150817,11507,1767,陽瓦,化學生技醫療,67021,63066,62403,6.271207940887324,7.400285242696666,503189,520986,-3.4160226954275164,-
1150817,11507,1769,欣中公司,化學生技醫療,203964,200906,209880,1.5221048649617235,-2.8187535734705547,1612124,1650310,-2.313868303530852,-
1150817,11507,1770,信東生技,化學生技醫療,455069,403083,468266,12.89709563539023,-2.81826995767363,2998104,3072822,-2.431575925972933,-
1150817,11507,1775,大東樹脂,化學生技醫療,575707,527382,545635,9.163187215339166,5.511376652890669,3679114,3530502,4.209373057995719,-
1150817,11507,1819,豐鼎,建材營造,19699,27615,15298,-28.665580300561288,28.768466466204732,172778,140631,22.859113566710043,-
1150817,11507,2041,燁茂實業,鋼鐵工業,228775,382995,392792,-40.26684421467643,-41.756705839222796,2346074,2330833,0.6538864002697748,-
1150817,11507,2048,中龍鋼鐵,鋼鐵工業,7222865,6872284,3846005,5.101375321508832,87.80175792803182,46901331,36587458,28.189640832659105,-
1150817,11507,2056,璋釔鋼鐵,鋼鐵工業,254029,230732,201869,10.096995648631312,25.83853885440558,1680204,1458230,15.22215288397578,-
1150817,11507,2068,優頻,其他,197445,189633,168274,4.1195361566815905,17.335417236174333,1291275,1223581,5.532449425089144,-
1150817,11507,2215,匯豐汽車,汽車工業,3434832,3284892,3303273,4.564533628502855,3.9826862629882545,21309520,21875818,-2.5886940547777457,-
1150817,11507,2218,高都汽車,汽車工業,2837980,2687062,2502701,5.616468842177814,13.396686220207688,16907563,16511760,2.39709758378271,-
1150817,11507,2219,鍾慶科技,電機機械,193431,172619,125093,12.056610222513164,54.62975546193632,1225503,1190469,2.942873774957601,-
1150817,11507,2220,南都汽車,汽車工業,2609209,2199454,2068945,18.629850862986906,26.11301895410463,14800699,14369497,3.0008148510695953,-
1150817,11507,2222,桃苗汽車,汽車工業,3836901,3652849,3202219,5.03858768867807,19.820068521234806,22700988,21829558,3.9919727188246323,-
1150817,11507,2225,國都汽車,汽車工業,4416543,4055615,3721817,8.89946407634847,18.66631271768601,26066356,25813338,0.9801831905660554,-
1150817,11507,2226,中部汽車,汽車工業,4086450,3918253,3481701,4.292652873614848,17.369354806745324,24816886,24838958,-0.08886041032800168,-
1150817,11507,2246,台灣電動車,電機機械,2418,7905,6980,-69.41176470588235,-65.35816618911174,15460,35965,-57.013763381064926,-
1150817,11507,2384,勝華科技,電子工業,5853,5741,5223,1.9508796376937816,12.062033314187248,40092,21807,83.84922272664741,-
1150817,11507,2443,昶虹,其他,1123,1069,787,5.051449953227316,42.69377382465057,7258,6599,9.98636156993484,-
1150817,11507,2557,泛亞工程,建材營造,438514,814391,619160,-46.154365654826734,-29.175980360488403,3751326,4417489,-15.08012809992283,-
1150817,11507,2568,世正開發,建材營造,123452,124227,129263,-0.6238579374854097,-4.495485947254822,862887,857691,0.6058125828532653,-
1150817,11507,2579,鈺通營造,建材營造,108101,108244,110564,-0.13210893906359705,-2.2276690423646035,1068640,796652,34.141381682340594,-
1150817,11507,2599,樂揚,建材營造,2216,127583,4647,-98.2630914777047,-52.31332042177749,136321,18682,629.6916818327802,-
1150817,11507,2619,新竹物流,航運業,2365598,2341713,2332418,1.0199798181929212,1.4225580492004435,16134187,15590191,3.4893478854749116,-
1150817,11507,2621,立榮航空,航運業,727905,718903,663786,1.2521856217041798,9.659589084433838,4458709,4053498,9.996575797002983,-
1150817,11507,2711,凱撒飯店,觀光餐旅,69782,51402,63022,35.757363526711025,10.726412998635396,333877,309452,7.892985018678179,-
1150817,11507,2759,咖碼,觀光餐旅,51807,50423,40675,2.7447791682367173,27.368162261831593,355601,297623,19.480349300961283,-
1150817,11507,2807,渣打銀行,金融保險業,1698082,1842343,1738794,-7.830300872313136,-2.34139294246472,12127021,10546618,14.984926921597047,-
1150817,11507,2809,京城銀,金融保險業,891084,790076,849024,12.784592874609531,4.953923563998191,5677753,5168303,9.857200709788106,-
1150817,11507,2823,凱基人壽,金融保險業,4640317,11296295,-2850665,-58.921779220532045,262.78015831393725,77103635,-1411351,5563.108397556667,-
1150817,11507,2833,台灣人壽,金融保險業,7469820,10367528,2972435,-27.949844938928546,151.3030562484966,64933444,21256046,205.48223314910027,-
1150817,11507,2837,凱基銀行,金融保險業,1726733,1710459,1605684,0.9514405197669163,7.538780980566537,11938287,10374265,15.075978876575835,-
1150817,11507,2848,華南保,金融保險業,1598092,1257605,1435255,27.07424032188167,11.345510031318476,9683361,8796175,10.086043081225647,-
1150817,11507,2858,中租迪和,其他,4394415,4160904,4271876,5.612025655963223,2.868505546509309,29595435,30075548,-1.5963566150149617,-
1150817,11507,2872,台灣票券,金融保險業,51108,119102,50307,-57.08888179879431,1.5922237461983422,497601,326257,52.51810689119314,-
1150817,11507,2873,大中票券,金融保險業,46515,125210,122506,-62.850411309000876,-62.0304311625553,924830,508824,81.7583290096379,-
1150817,11507,2874,萬通票券,金融保險業,87442,215990,89829,-59.515718320292606,-2.657271037192889,831466,430316,93.22219020440792,-
1150817,11507,2876,宏泰人壽,金融保險業,-2402395,1972710,3480018,-221.78145799433267,-169.03398200813905,22804860,4246263,437.0571723889924,-
1150817,11507,2877,國泰產險,金融保險業,3805422,3767044,3738788,1.0187828971469406,1.7822353126200254,25246716,22909645,10.201253664122687,-
1150817,11507,2893,新光銀行,金融保險業,2580217,2248008,2115190,14.777927836555742,21.98511717623476,14985181,12802579,17.048143190524346,-
1150817,11507,2894,大慶票券,金融保險業,107131,135143,83055,-20.727673649393605,28.988019986755763,748564,506267,47.85952866767931,-
1150817,11507,2895,陽信銀行,金融保險業,1168365,1275824,1018477,-8.422713477721064,14.716876277029328,7893004,6622176,19.190489651739853,-
1150817,11507,2899,金融大樓,其他,519951,510682,486871,1.8150238308771407,6.794407553540876,3807153,3610324,5.451837563609249,-
1150817,11507,2920,海景,觀光餐旅,66000,41860,61986,57.668418537983754,6.475655793243636,296932,301890,-1.642320050349465,-
1150817,11507,3197,源河生技,電子工業,0,0,0,,,0,0,,-
1150817,11507,3202,樺晟,其他,0,13,6618,-100.0,-100.0,23,2346076,-99.99901963960247,-
1150817,11507,3342,飛虹高科,電子工業,3356,3136,3014,7.01530612244898,11.347047113470472,21599,20863,3.527776446340411,-
1150817,11507,3369,鐵研,電子工業,68739,66902,46949,2.7458073002301875,46.41206415472108,427689,354022,20.808593816203512,-
1150817,11507,3405,津綻石英,電子工業,28174,27102,27004,3.9554276437163307,4.3326914531180565,194377,200840,-3.217984465245967,-
1150817,11507,3463,宏塑,電子工業,214122,194107,153758,10.31132313620838,39.25909546169955,1348517,1104112,22.135888388134536,-
1150817,11507,3509,聯禾,其他,43989,44591,46898,-1.3500482160077145,-6.202823148108662,314283,329751,-4.6908121582648725,-
1150817,11507,3510,易鼎,電子工業,27113,20139,31641,34.629326183027956,-14.310546442906356,169582,209927,-19.218585508295742,-
1150817,11507,3525,就業情報,電子工業,90740,93338,88409,-2.7834322569585805,2.6366093949711003,676601,637068,6.2054600136877065,-
1150817,11507,3572,宏芯科技,電子工業,7184,6557,2345,9.562299832240354,206.35394456289978,37330,29125,28.17167381974249,-
1150817,11507,3601,前源,其他,22016,29420,16465,-25.166553365057784,33.71393865775888,171698,90938,88.80775913259583,-
1150817,11507,3683,仲博科技,電子工業,185084,158346,211521,16.88580703017443,-12.498522605320511,1263267,1360213,-7.127266097295056,-
1150817,11507,4118,友合生化,化學生技醫療,2119,896,0,136.49553571428572,,12863,1428,800.7703081232493,-
1150817,11507,4132,國鼎,化學生技醫療,6500,11246,12167,-42.201671705495286,-46.57680611490096,49807,38784,28.42151402640264,-
1150817,11507,4427,展頌,紡織纖維,305687,297192,278374,2.8584214918301973,9.81162033810629,1996666,1939741,2.934670144106868,-
1150817,11507,4539,台智網,電機機械,77316,58780,75285,31.53453555631167,2.697748555489141,483570,540809,-10.583958477022387,-
1150817,11507,4546,長亨,電機機械,284912,213509,212435,33.4426183439574,34.11725939699202,1496875,1063483,40.75213238011327,-
1150817,11507,4548,名超,電子工業,70715,81593,59323,-13.33202603164487,19.20334440267687,507998,404303,25.647843325426724,-
1150817,11507,4586,能海電能,電機機械,0,0,18,,-100.0,41,482,-91.49377593360995,-
1150817,11507,4712,福格創新,其他,57,57,57,0.0,0.0,400,391,2.3017902813299234,-
1150817,11507,4730,通用,塑膠工業,127280,129225,118573,-1.5051267169665312,7.34315569311732,816089,739162,10.407326134189798,-
1150817,11507,4985,富相,電子工業,60137,62040,70698,-3.0673758865248226,-14.938187784661517,495599,537405,-7.779235399745072,-
1150817,11507,5216,優燈,電子工業,6912,8883,5212,-22.188449848024316,32.61703760552571,48609,55946,-13.114431773495872,-
1150817,11507,5295,懷藝,電子工業,98211,113722,22692,-13.639401347144792,332.80010576414594,664737,258216,157.43447346407658,-
1150817,11507,5298,合盈,電子工業,75541,52272,31216,44.51522803795531,141.99449000512558,317348,115322,175.18426666204192,-
1150817,11507,5346,力晶,電子工業,29405,31603,25852,-6.9550359143119325,13.743617515085873,242034,222172,8.939920422015376,-
1150817,11507,5387,茂德科技,電子工業,142911,97182,6233,47.05501018707168,2192.812449863629,501808,59219,747.3766865364157,-
1150817,11507,5541,廣朋實業,建材營造,3997,5036,6465,-20.63145353455123,-38.174787316318636,33619,56202,-40.18184406248888,-
1150817,11507,5827,華泰銀行,金融保險業,422281,401860,379226,5.081620464838501,11.353388217052629,2710922,2311593,17.275056638430726,-
1150817,11507,5828,富邦保,金融保險業,7157000,6879639,6582474,4.031621426647532,8.728116510600726,47358300,42321531,11.901197525202951,-
1150817,11507,5830,三信商銀,金融保險業,275479,359765,356326,-23.42807110196934,-22.689054405235655,2611007,2128960,22.642369983466107,-
1150817,11507,5833,元大證金,金融保險業,295192,238743,156452,23.644253444080036,88.67895584588244,1538263,1173440,31.09004295064085,-
1150817,11507,5834,兆豐保險,金融保險業,1093239,1021030,990951,7.0721722182501985,10.322205638825734,7100504,6882099,3.173523077770314,-
1150817,11507,5835,國泰世華,金融保險業,11886946,11601795,10537571,2.4578179497224353,12.805370421703445,77564476,68462386,13.295023051051713,-
1150817,11507,5836,台北富邦,金融保險業,9877376,10102436,8242409,-2.227779517732159,19.836033373252892,68263661,56088954,21.70606889905631,-
1150817,11507,5838,華南銀行,金融保險業,6719907,6135036,6332121,9.533293692164154,6.124109125520501,39286936,33808908,16.202913149398377,-
1150817,11507,5839,中華開發資本,其他,21300,69541,92438,-69.3705871356466,-76.9575282892317,1745830,746375,133.90788812594207,-
1150817,11507,5840,國際票券,金融保險業,404991,431212,334873,-6.080767696631819,20.93868421759891,2769179,1847709,49.870948293264796,-
1150817,11507,5841,中信銀,金融保險業,15191336,15456347,14115269,-1.7145771895519686,7.6234253842417035,111041188,98284427,12.97943264195863,-
1150817,11507,5842,兆豐票券,金融保險業,570525,498378,467435,14.47636131610946,22.054403286018378,3354323,2520155,33.09986885727267,-
1150817,11507,5843,兆豐銀行,金融保險業,7685622,6275360,6749166,22.473005532750314,13.875136572429838,42981096,40152514,7.04459501589365,-
1150817,11507,5844,第一銀行,金融保險業,7268245,6035769,6560316,20.419535605156526,10.791080795498265,43122901,39712212,8.588514283717059,-
1150817,11507,5846,國泰人壽,金融保險業,22797465,43535800,75274260,-47.6351301687347,-69.71412937171351,279104189,86753196,221.72208272303882,-
1150817,11507,5847,玉山銀行,金融保險業,8443141,8276845,7650116,2.0091713690421895,10.366182682720105,55864814,49161995,13.634147678506537,-
1150817,11507,5848,台新銀行,金融保險業,6614425,5933956,5108367,11.467375221521696,29.482180900471715,40844452,33554984,21.723950158939132,-
1150817,11507,5849,永豐銀行,金融保險業,5380267,5404750,4451896,-0.452990425089042,20.853384715186518,37974726,32111873,18.257586531934777,-
1150817,11507,5852,元大銀行,金融保險業,4126610,3438373,2785647,20.016356573297895,48.13829605833043,23598932,17296749,36.43565042193767,-
1150817,11507,5854,合庫,金融保險業,6823006,5873407,5462578,16.167771107978727,24.90450479608712,37773870,34778659,8.612209573692878,-
1150817,11507,5857,土地銀行,金融保險業,3999925,3430728,3850597,16.591143337507376,3.8780480013878367,23961851,21790878,9.962760564305853,-
1150817,11507,5858,臺銀,金融保險業,8416946,5929564,7616740,41.94881782201862,10.505885720137487,41603253,34616783,20.182320234667674,-
1150817,11507,5862,板信銀行,金融保險業,510898,516048,511497,-0.9979691811614424,-0.11710723621057406,3504859,3223515,8.727863838077377,-
1150817,11507,5865,富邦人壽,金融保險業,-11719032,20714021,56579455,-156.57536023546564,-120.71252188625712,225655319,15429020,1362.5382493508985,-
1150817,11507,5866,統一期,期貨商,89587,79538,57228,12.634212577635846,56.54399944083316,435112,411312,5.78636169136811,-
1150817,11507,5867,康和期,期貨商,19518,51217,42681,-61.89155944315364,-54.27004990511,341626,298268,14.53659125350356,-
1150817,11507,5868,臺灣金控,金融保險業,-19896268,14189927,38432386,-240.2140264710312,-151.76953624477022,243216424,29831496,715.3007948377782,-
1150817,11507,5870,花旗台灣,金融保險業,2186795,1930015,1383632,13.304559809120654,58.04744325080657,12268637,9192222,33.4675881413656,-
1150817,11507,5872,匯豐台灣,金融保險業,2765583,2676283,2071669,3.3367173800379106,33.49540877427813,17888097,14142959,26.480583023679838,-
1150817,11507,5875,星展銀行,金融保險業,2907319,3368078,2674304,-13.680176052929891,8.713108158234816,21574621,18592924,16.036729887133408,-
1150817,11507,5901,中友百貨,貿易百貨,104094,86273,128452,20.65652058001924,-18.962725376015943,1005380,1187420,-15.330717016725337,-
1150817,11507,6008,凱基證券,證券,4196077,7339456,3660126,-42.82850118591896,14.64296584325239,42270615,20235913,108.88909237749738,-
1150817,11507,6025,臺銀人壽,金融保險業,2013926,1601819,4310374,25.72743861822091,-53.277233019686925,12213962,-1638000,845.6631257631258,-
1150817,11507,6029,和泰產險,金融保險業,660724,1652500,1515597,-60.01670196671709,-56.405033791964485,11802461,9128471,29.29285747854159,-
1150817,11507,6030,樂天國際銀行,金融保險業,39300,40872,31603,-3.8461538461538463,24.355282726323452,252412,128501,96.42804336153026,-
1150817,11507,6031,連線銀行,金融保險業,284522,270146,175610,5.321566856440591,62.01924719549,1793548,1014224,76.83943586426668,-
1150817,11507,6033,一卡通,金融保險業,58166,83672,112308,-30.483315804570225,-48.20849805890943,404035,591155,-31.653288900542158,-
1150817,11507,6034,愛金卡,金融保險業,76470,81673,72511,-6.370526367342941,5.459861262429149,546656,528544,3.426772416298359,-
1150817,11507,6036,橘子支付,金融保險業,699,466,1365,50.0,-48.79120879120879,4282,6403,-33.12509761049508,-
1150817,11507,6037,簡單支,金融保險業,4499,3957,4696,13.697245387920141,-4.195059625212947,29120,27563,5.648877117875413,-
1150817,11507,6038,街口電支,金融保險業,70156,65093,51923,7.778102100072204,35.11545943031027,443038,424506,4.365544892180558,-
1150817,11507,6039,將來銀行,金融保險業,61038,60673,31116,0.601585548761393,96.1627458542229,364584,110823,228.97864161771474,-
1150817,11507,6040,全支付,金融保險業,31222,35963,32294,-13.182993632344354,-3.319502074688797,206767,172822,19.641596555994028,-
1150817,11507,6288,聯嘉,汽車工業,510387,550835,473739,-7.343033757840369,7.73590521363029,4041283,3245993,24.500668978645365,-
1150817,11507,6475,智賦科,電子工業,76707,76433,30911,0.35848390093284316,148.15437870013912,445202,227483,95.70781113313961,-
1150817,11507,6479,瑞寶基因,其他,3479,2701,2970,28.80414661236579,17.13804713804714,28380,46355,-38.77683097831949,-
1150817,11507,6545,擎力,其他,16629,14029,12134,18.533038705538527,37.04466787539146,93131,92216,0.9922356207165784,-
1150817,11507,6562,聯亞藥,化學生技醫療,30171,50033,35189,-39.697799452361444,-14.260138111341613,277084,329388,-15.879145566930186,-
1150817,11507,6623,施吉生技,電子工業,9,3,2,200.0,350.0,1899,23,8156.521739130435,-
1150817,11507,6647,合迪,其他,1202034,1168572,1346236,2.863494932276317,-10.711494864199144,8330357,9486074,-12.183301542872215,-
1150817,11507,6660,厚美德,化學生技醫療,39918,74101,39248,-46.130281642622904,1.707093355075418,283773,269973,5.111622273338445,-
1150817,11507,6717,智慧光,其他,15263,14279,1677,6.891238882274669,810.1371496720334,113684,52829,115.19241325786973,-
1150817,11507,6726,鑫亞電通,其他,12383,25508,30625,-51.45444566410538,-59.565714285714286,232160,202290,14.765930100350982,-
1150817,11507,6746,全科綜電,其他,14042,11548,14123,21.596813301004502,-0.5735325355802592,99564,95500,4.255497382198953,-
1150817,11507,6772,錫安生技,化學生技醫療,0,0,0,,,0,0,,-
1150817,11507,6778,安麗莎醫療器材,化學生技醫療,308,398,57,-22.613065326633166,440.35087719298247,1602,1466,9.276944065484312,-
1150817,11507,6779,鋐昇,其他,126888,135651,102886,-6.45995974965168,23.328732772194467,813070,813999,-0.1141279043340348,-
1150817,11507,6795,洹藝,化學生技醫療,7181,6509,6166,10.324166538638808,16.46123905287058,49785,45416,9.61995772415008,-
1150817,11507,6806,森崴能源,其他,2854298,251352,1413415,1035.5779942073268,101.94337827177439,9124146,13922916,-34.46670223392858,-
1150817,11507,6837,富利康科技,其他,45,8227,19141,-99.45302054211741,-99.76490256517424,75345,60129,25.305592975103526,-
1150817,11507,6845,仲信資融,其他,414478,385421,376713,7.5390287503794555,10.024873046589844,2683057,2572156,4.311596963792243,-
1150817,11507,6851,立視科,其他,23096,24283,23880,-4.888193386319648,-3.2830820770519265,148322,163487,-9.275966896450482,-
1150817,11507,6852,精能醫學,化學生技醫療,1760,260,1828,576.9230769230769,-3.719912472647702,9180,27281,-66.35020710384516,-
1150817,11507,6866,中大生醫,化學生技醫療,238393,204686,252792,16.46766266378746,-5.695987214785278,1549783,1624866,-4.620873352017951,-
1150817,11507,6871,新鑫,其他,738228,714816,729642,3.275248455546602,1.1767414704745616,4955170,4690334,5.646420915866546,-
1150817,11507,6883,微電能源,其他,33996,19521,45179,74.15091439987705,-24.75265056774165,134484,805177,-83.2975854998342,-
1150817,11507,6930,盛新,電子工業,6322,5450,2350,16.0,169.0212765957447,43275,17044,153.9016662755222,-
1150817,11507,6942,威達高,電子工業,16813,26055,22963,-35.47111878718096,-26.782214867395375,187901,158354,18.65882768985943,-
1150817,11507,6943,明緯企業,電子工業,4668015,4099949,3206527,13.855440640846997,45.57853403386281,27814061,21583110,28.869569770065574,-
1150817,11507,6954,全盈支付,金融保險業,3764,3680,3892,2.282608695652174,-3.28879753340185,24233,24690,-1.8509518023491291,-
1150817,11507,6960,南山產物,金融保險業,1180199,1083844,1081883,8.890117027911765,9.087489127752262,7406960,6189299,19.67364963301983,-
1150817,11507,6978,愛盛科技,電子工業,15863,14263,10969,11.217836359812102,44.61664691403045,128830,67728,90.21674935034255,-
1150817,11507,6985,新光人壽,金融保險業,15720641,20170009,3245238,-22.059325803969646,384.42182052595217,126377588,-389853,32516.72835658569,-
1150817,11507,6991,精準健康,化學生技醫療,23062,23182,24020,-0.5176429988784401,-3.9883430474604498,152711,142536,7.1385474546781165,-
1150817,11507,6993,凱納,其他,93241,41970,37704,122.16106742911603,147.29736897941862,379216,308016,23.115682302218065,-
1150817,11507,6998,友上科,電機機械,10815,48908,7709,-77.88705324282326,40.29056946426255,73358,42627,72.09280502967603,-
1150817,11507,7570,紫金堂,其他,931,1016,3393,-8.366141732283465,-72.561155319776,9646,14702,-34.389878928037,-
1150817,11507,7575,安美得,化學生技醫療,74449,63006,72114,18.161762371837604,3.2379288349002966,465817,473624,-1.648353968548891,-
1150817,11507,7660,元勛,化學生技醫療,51073,48315,39366,5.708372141156991,29.738860945994006,301785,315423,-4.323717674361096,-
1150817,11507,7739,藍新科技,其他,103961,109641,116422,-5.180543774682828,-10.703303499338613,776060,827974,-6.2700036474575285,-
1150817,11507,7746,智安,電子工業,22534,12583,24242,79.08288961296988,-7.0456232984077225,83738,213663,-60.80837580676111,-
1150817,11507,7775,禾馨,化學生技醫療,78883,77561,102209,1.7044648728097884,-22.821865002103532,573851,589640,-2.677735567464894,-
1150817,11507,7793,上峰,電子工業,9282,9469,6796,-1.9748653500897666,36.58034137728075,69061,52705,31.03310881320558,-
1150817,11507,7807,晉鋒-KY,其他,45308,0,147221,,-69.22449922225769,599194,954112,-37.19877750201234,全球記憶體供應吃緊、漲價，客戶採購轉趨保守
1150817,11507,7817,日盛全實業,其他,3417,3626,2778,-5.763927192498621,23.002159827213823,25382,18466,37.45261561789234,-
1150817,11507,7830,安能科技,其他,354,236,1428,50.0,-75.21008403361344,2745,5847,-53.05284761416111,-
1150817,11507,7844,揚堡,其他,37203,17296,17594,115.09597594819611,111.45276798908719,152200,90480,68.21396993810787,-
1150817,11507,7859,翰可能源,其他,149287,524012,38691,-71.51076692900162,285.84425318549535,2167622,1333197,62.588274651083076,-
1150817,11507,7864,聖洋,其他,127656,146313,130989,-12.75143015316479,-2.5444884684973545,850175,823445,3.2461184414259603,-
1150817,11507,7884,勤億蛋品科技,其他,141102,138787,118207,1.6680236621585596,19.368565313390917,923309,799873,15.431949822034248,-
1150817,11507,7906,燁鋒,其他,84421,107268,56067,-21.29898944699258,50.571637505127796,545863,536518,1.7417868552406444,-
1150817,11507,7916,星耀投控,其他,297238,331743,250436,-10.401123761465954,18.688207765656696,1653031,1539390,7.382209836363755,-
1150817,11507,7932,昱鐳應材,其他,77718,78643,51318,-1.1762013148023347,51.44393779960248,541076,290879,86.0141158351067,-
1150817,11507,7934,鋒霈環境科技,其他,175703,123466,77057,42.308813762493315,128.01692253786157,921583,556387,65.63704759456996,-
1150817,11507,8029,久尹股份,電子工業,102144,108047,75433,-5.463363166029598,35.41023159625098,644760,572602,12.60177226066273,-
1150817,11507,8115,帝聞,其他,87753,95420,90292,-8.03500314399497,-2.8119877730031453,665304,681542,-2.382538420229421,-
1150817,11507,8134,泰山電子,電子工業,88721,79934,62965,10.992819075737483,40.905264829667274,483716,450815,7.298115635016581,-
1150817,11507,8140,利翔航太,電子工業,1477,3866,614,-61.795137092602175,140.55374592833877,35529,52961,-32.91478635222145,-
1150817,11507,8152,峻新電腦,電子工業,131035,109448,88538,19.72352167239237,47.99859947141341,779613,702168,11.029411764705882,-
1150817,11507,8218,輝城電子,電子工業,81100,59880,75813,35.437541750167,6.973738013269492,564584,524847,7.571158832955128,-
1150817,11507,8287,英格爾,電子工業,103421,60086,107340,72.12162566987318,-3.651015464877958,622906,650278,-4.209276647833696,-
1150817,11507,8304,佳聯有線,其他,33278,33793,34378,-1.5239842570946647,-3.199720751643493,244199,246642,-0.9905044558509905,-
1150817,11507,8305,群健,其他,131612,135416,147846,-2.8091215218290304,-10.98034441242915,912159,967856,-5.754678381908052,-
1150817,11507,8307,大台中,其他,28851,28759,29549,0.3198998574359331,-2.3621780770922873,199405,206202,-3.2962822863017816,-
1150817,11507,8308,中投有線,其他,48609,41903,76027,16.003627425244016,-36.063503755244845,322808,399870,-19.271763323080002,-
1150817,11507,8309,吉元,其他,29014,30851,31115,-5.95442611260575,-6.752370239434357,203308,215360,-5.596210995542347,-
1150817,11507,8310,長德有線,其他,17172,16855,17601,1.8807475526549986,-2.4373615135503663,118638,132277,-10.310938409549657,-
1150817,11507,8312,東亞有線,其他,7028,8940,7333,-21.387024608501118,-4.15927996727124,52313,54525,-4.056854653828519,-
1150817,11507,8327,洄瀾有線,其他,25351,29630,25165,-14.441444481943975,0.73912179614544,177839,188434,-5.622658331299022,-
1150817,11507,8343,科學城,其他,166855,174072,155455,-4.145985569189761,7.333311890900903,1157851,1051277,10.137575539082468,-
1150817,11507,8350,榮輪科技,其他,511041,535370,437978,-4.5443338252049985,16.68188813136733,3308499,2864170,15.513359891347232,-
1150817,11507,8360,華視,其他,106089,95943,136548,10.575028923423282,-22.306441690833992,713942,851154,-16.12070201162187,-
1150817,11507,8368,屏南有線,其他,34947,34600,35552,1.0028901734104045,-1.7017326732673268,243633,248752,-2.05787290152441,-
1150817,11507,8370,欣隆天然,其他,51124,54640,55564,-6.43484626647145,-7.990785400619106,435849,451805,-3.531612089286307,-
1150817,11507,8376,遠鼎投資,其他,1786820,1999689,1756562,-10.645105313876307,1.7225694282353825,13107449,12386942,5.816665646775451,-
1150817,11507,8379,欣湖公司,其他,99152,81793,99111,21.223087550279363,0.041367759380896166,782006,772061,1.2881106544690122,-
1150817,11507,8387,緯來電視,其他,158956,179755,165179,-11.570749075130038,-3.7674280628893504,1287897,1136982,13.273297202594236,-
1150817,11507,8391,森霸電力,其他,4151650,4242326,3331914,-2.137412353506072,24.60255576824612,25595989,21876137,17.004153886949968,-
1150817,11507,8392,星能電力,其他,758736,1034928,693351,-26.687073883400583,9.430288555147392,5920927,5070576,16.770303807693644,-
1150817,11507,8394,臺灣菸酒,其他,3977728,3836690,4185849,3.6760332474085735,-4.972014040640262,25877240,27923967,-7.329642668607939,-
1150817,11507,8399,聯美林業,其他,132291,136365,120553,-2.987570124298757,9.736796263883935,863752,833732,3.6006774359146583,-
1150817,11507,8452,北都數位,其他,48327,47225,46853,2.3335097935415563,3.146009860627921,334089,332559,0.46006873968228196,-
1150817,11507,8453,全國數位,其他,24305,24314,25600,-0.03701571111293905,-5.05859375,171849,186321,-7.767240407683514,-
1150817,11507,8456,天外天,其他,29645,29537,30516,0.3656430917154755,-2.854240398479486,209170,215353,-2.871100007894016,-
1150817,11507,8459,數位天空,其他,17531,17847,16080,-1.7706057040398946,9.02363184079602,123173,134786,-8.615879987535797,-
1150817,11507,8469,新高雄,其他,20799,21199,21869,-1.8868814566724845,-4.892770588504275,147175,157270,-6.418897437527819,-
1150817,11507,8943,寶福有線,其他,3498,3625,6475,-3.503448275862069,-45.97683397683398,24419,39919,-38.828627971642575,-
1150817,11507,8945,大新店,其他,35086,34649,35610,1.2612196600190482,-1.4714967705700646,244548,250239,-2.2742258400968676,-
1150817,11507,8946,雙子星,其他,43945,44026,44138,-0.18398219234088947,-0.4372649417735285,306373,333989,-8.268535790100872,-
1150817,11507,8948,北視有線,其他,59222,60724,65182,-2.4734865950859626,-9.14362860912522,419311,450920,-7.009890889736539,-
1150817,11507,8951,新竹振道,其他,48502,48623,50896,-0.24885342327704996,-4.7037095253065075,344316,352872,-2.424675236346324,-
1150817,11507,8952,金頻道,其他,29847,29840,30412,0.023458445040214475,-1.8578192818624226,208252,211950,-1.744751120547299,-
1150817,11507,8953,吉隆有線,其他,40415,40542,42877,-0.31325538947264564,-5.742006203792243,287300,311501,-7.769156439305171,-
1150817,11507,8955,北健有線,其他,50219,50890,52118,-1.3185301630968755,-3.643654783376185,352071,414039,-14.966706034938738,-
1150817,11507,8956,台灣數位,其他,32732,35040,33909,-6.5867579908675795,-3.4710548821846707,249916,245433,1.826567739464538,-
1150817,11507,8957,新唐城,其他,27229,27620,28446,-1.4156408399710354,-4.278281656471911,191614,195168,-1.8209952451221512,-
1150817,11507,8960,紅樹林,其他,28924,29316,29976,-1.3371537726838587,-3.5094742460635175,205507,209965,-2.123211011359036,-
1150817,11507,8962,新視波,其他,54303,53532,57313,1.440260031383098,-5.25186257917052,384830,422140,-8.83830009001753,-
1150817,11507,8963,新台北,其他,34694,39145,35460,-11.370545408098097,-2.1601804850535813,253756,249494,1.7082575132067304,-
1150817,11507,8965,家和有線,其他,28331,28532,29956,-0.7044721715968036,-5.424622780077447,200112,224170,-10.732033724405586,-
1150817,11507,8966,鳳信有線,其他,81068,82064,82870,-1.2136868785338273,-2.174490165319175,573393,585441,-2.0579358124900717,-
1150817,11507,8967,慶聯有線,其他,86894,87490,90851,-0.681220710938393,-4.3554831537352365,612419,665477,-7.972927689461844,-
1150817,11507,8968,陽明山,其他,37937,37668,38988,0.7141340129552937,-2.6957012414076127,266656,272687,-2.2116932600380657,-
1150817,11507,8969,北桃園,其他,65790,67142,68767,-2.0136427273539663,-4.329111347012375,473067,477251,-0.8766875292037104,-
1150817,11507,8970,大揚有線,其他,21309,39765,20293,-46.412674462466995,5.006652540284827,195840,154556,26.71135381350449,-
1150817,11507,8971,南桃園,其他,115885,117929,125666,-1.7332462753012405,-7.783330415545971,812870,859963,-5.476165835041741,-
1150817,11507,8973,澎湖有線,其他,7974,8458,8419,-5.7223930007093875,-5.285663380448985,57242,58197,-1.6409780572881765,-
1150817,11507,8974,世新有線,其他,25485,28225,25348,-9.70770593445527,0.5404765661985167,185097,185096,0.0005402601893071703,-
1150817,11507,8975,觀昇有線,其他,54441,54151,55421,0.535539509889014,-1.7682827808953285,382037,390205,-2.0932586717238375,-
1150817,11507,8976,聯維有線,其他,14543,14559,14367,-0.109897657806168,1.2250295816802395,98526,101403,-2.8371941658530813,-
1150817,11507,8977,南國有線,其他,43323,48763,43554,-11.155999425794148,-0.5303760848601736,317885,318941,-0.33109571989803754,-
1150817,11507,8978,大安文山,其他,30271,30857,32698,-1.8990828661243802,-7.422472322466206,212438,218650,-2.84107020352161,-
1150817,11507,8980,萬象有線,其他,13946,13691,16206,1.8625374333503761,-13.945452301616685,97213,111831,-13.071509688726739,-
1150817,11507,8981,麗冠有線,其他,13568,13276,13772,2.199457667972281,-1.4812663374963695,93953,105705,-11.117733314412753,-
1150817,11507,8982,信和有線,其他,25522,26263,27522,-2.8214598484560027,-7.266913741733886,177979,192823,-7.698251764571654,-
1150817,11507,8983,豐盟有線,其他,62732,64475,64227,-2.703373400542846,-2.327681504663148,446418,447899,-0.3306549021096274,-
1150817,11507,8985,國聲有線,其他,17351,18388,16919,-5.6395475309984775,2.5533423961227024,126803,129821,-2.3247394489335313,-
1150817,11507,8986,台灣佳光,其他,39573,39864,40680,-0.7299819385912101,-2.7212389380530975,280179,285589,-1.8943306639961623,-
1150817,11507,8987,東台有線,其他,9887,17441,11265,-43.31173671234448,-12.232578783843763,82724,105015,-21.226491453601867,-
1150817,11507,8988,大屯有線,其他,29478,29783,30093,-1.0240741362522243,-2.043664639617187,207698,212584,-2.298385579347458,-
1150817,11507,8990,港都電視,其他,57267,59268,59774,-3.376189512046973,-4.194131227624051,407851,441986,-7.723095301661139,-
1150817,11507,8991,三大有線電視,其他,44425,44752,46286,-0.7306936002860207,-4.020654193492633,313954,326451,-3.828139598285807,-
1150817,11507,8992,新頻道有線,其他,61851,62071,63620,-0.3544328269240064,-2.780572147123546,435631,446712,-2.480569136266767,-
1150817,11507,8995,北港有線,其他,14538,14569,15035,-0.2127805614661267,-3.3056202194878614,102739,108105,-4.963692706165302,-
1150817,11507,9963,台電,其他,98187662,89561774,95670147,9.631216103423766,2.63145304877602,529431400,513488313,3.104858785753903,-
1150817,11507,9964,欣泉投資,其他,25012,9579,21542,161.11285102829106,16.10806796026367,88142,56651,55.58772131118604,-
1150817,11507,9968,華歌爾,其他,185844,168207,198165,10.48529490449268,-6.217545984406933,1420420,1398476,1.5691366887955174,-
1150817,11507,9971,立大開發,其他,395091,354405,333328,11.480086341896982,18.529196467143475,2469014,2437410,1.2966222342568545,-
1150817,11507,9977,新永安,其他,76458,75310,77866,1.5243659540565662,-1.808234659543318,536845,551587,-2.672651821018262,-
1150817,11507,9978,長榮空廚,其他,611732,601335,559072,1.7289863387296598,9.419180356018545,4228456,3835509,10.244976611969884,-
1150817,11507,9982,三冠王,其他,41525,42916,43046,-3.241215397520738,-3.5334293546438693,298223,327885,-9.046464461625265,-
1150817,11507,9983,永佳樂,其他,61228,61079,63772,0.24394636454427873,-3.9892115662046037,434320,449069,-3.284350511836711,-
1150817,11507,9984,全聯有線,其他,41053,40712,40857,0.8375908822951464,0.47972195706978,287068,285782,0.44999335157567655,-
1150817,11507,9985,觀天下,其他,30992,29783,31239,4.05936272370144,-0.7906783187682064,211929,220278,-3.7902105521205023,-
1150817,11507,9986,南天有線,其他,46007,45773,46878,0.511218403862539,-1.858014420410427,323532,331266,-2.3346796833964247,-
